CustomerID,Gender,Age,Region,Tenure,Balance,NumOfProducts,HasCrCard,IsActiveMember,EstimatedSalary,Churn,JoinDate,LastActivityDate,Feedback
CUST1000,Male,26,south ,38,46895.21,3,1,Inactive,86651.81,No,15-01-2020,Aug 5 2023,Good
CUST1001,Female,30,South,4,21995.91,3,Yes,0,97182.13,No,15-01-2020,Aug 5 2023,Average
CUST1002,Male,32,West,44,84972,3,0,Active,103279.29,No,March 3 2022,Aug 5 2023,Bad
CUST1003,F,79,East,51,36345.65,1,0,1,100423.17,0,March 3 2022,10-07-2023, poor
CUST1004,F,23,South,44,48676.57,3,1,0,103800.25,No,15-01-2020,10-06-2023, poor
CUST1005,F,40,south ,55,83161.67,1,1,Active,44587.59,0,15-02-2021,10-06-2023,excellent 
CUST1006,Male,58,NORTH,29,48676.57,2,0,1,140755.75,0,15-01-2020,Aug 5 2023,Good
CUST1007,M,54,south ,24,21138.41,2,1,1,77992.33,No,March 3 2022,10-06-2023,Good
CUST1008,Female,34,West,16,48676.57,2,0,0,116142.75,0,March 3 2022,10-06-2023,Good
CUST1009,M,19,NORTH,25,84043.32,2,0,1,87220.76,0,March 3 2022,10-07-2023,Bad
CUST1010,Male,75,NORTH,25,69979.75,2,0,Active,146344.45,0,15-01-2020,10-07-2023,Bad
CUST1011,M,72,East,24,16293.04,2,Yes,1,120568.09,No,15-01-2020,Aug 5 2023, poor
CUST1012,M,48,East,44,84791.96,1,0,1,85065.88,0,15-01-2020,Aug 5 2023,Average
CUST1013,M,70,south ,35,95945.21,2,1,0,135510.74,0,15-02-2021,Aug 5 2023,Average
CUST1014,Female,69,NORTH,1,55100.34,2,1,Active,146986.27,0,15-01-2020,10-07-2023,Bad
CUST1015,F,79,south ,29,48676.57,4,No,0,37481.54,No,March 3 2022,Aug 5 2023,Good
CUST1016,M,66,South,27,67076.91,2,Yes,Inactive,24174.65,No,15-01-2020,10-06-2023,Good
CUST1017,M,41,South,3,44853.79,1,No,Active,87220.76,0,15-01-2020,10-06-2023, poor
CUST1018,Male,31,South,29,13300.53,3,0,1,36820.59,0,15-01-2020,Aug 5 2023,Average
CUST1019,Male,61,south ,38,81773.21,2,No,Inactive,107503.41,No,15-02-2021,10-06-2023,Good
CUST1020,Female,52,South,45,84215.87,2,1,1,38664.43,0,March 3 2022,Aug 5 2023,Good
CUST1021,Male,49,south ,58,43597.91,1,1,Active,41165.91,0,15-01-2020,10-06-2023, poor
CUST1022,M,68,south ,20,43279.48,1,1,1,87220.76,0,15-01-2020,Aug 5 2023,Bad
CUST1023,F,64,North,39,91754.96,1,Yes,1,62813.91,0,15-02-2021,Aug 5 2023, poor
CUST1024,Female,78,West,10,59055.71,2,Yes,0,103508.44,0,15-01-2020,Aug 5 2023,Average
CUST1025,M,62,south ,16,35440.57,3,0,1,147463.78,No,15-01-2020,Aug 5 2023, poor
CUST1026,F,29,south ,25,5586.22,2,No,Inactive,87964.21,0,March 3 2022,Aug 5 2023,Average
CUST1027,Female,39,south ,36,7837.7,1,0,0,89257.14,No,March 3 2022,10-07-2023,Average
CUST1000,Male,22,south ,46,48676.57,2,1,Inactive,87220.76,0,15-01-2020,Aug 5 2023,excellent 
CUST1029,Female,78,south ,56,37640.98,4,0,0,120069.96,No,15-02-2021,Aug 5 2023,Good
CUST1030,F,48,East,29,66627.29,2,Yes,Active,95331.01,No,March 3 2022,Aug 5 2023,Good
CUST1031,M,31,south ,57,86722.4,2,1,0,81222.61,0,15-02-2021,10-06-2023,Good
CUST1032,Male,59,South,54,61890.31,3,1,Active,135534.73,0,15-02-2021,10-07-2023,Average
CUST1033,Male,30,West,22,82305.19,2,0,0,61206.04,No,March 3 2022,Aug 5 2023, poor
CUST1034,F,56,NORTH,38,83061.73,2,1,Active,129382.33,0,March 3 2022,Aug 5 2023,Bad
CUST1035,Male,24,NORTH,4,60698.21,2,Yes,Inactive,69032.61,0,March 3 2022,10-06-2023,Good
CUST1036,Female,30,NORTH,4,77019.86,3,No,0,85654.64,1,15-02-2021,Aug 5 2023,Good
CUST1037,M,42,South,37,52388.3,2,0,Active,130061.16,0,15-01-2020,Aug 5 2023,excellent 
CUST1038,M,75,south ,48,84155.09,2,1,0,87220.76,0,March 3 2022,Aug 5 2023, poor
CUST1039,Male,37,North,16,31415.42,3,No,Active,87220.76,0,15-01-2020,10-07-2023,Good
CUST1040,Male,61,south ,6,3865.82,2,1,0,32997.38,0,15-01-2020,Aug 5 2023,Good
CUST1041,Male,20,South,38,8091.69,1,Yes,1,134585.25,No,15-01-2020,10-06-2023,Good
CUST1042,F,56,south ,38,59313.44,1,1,Active,126601.14,0,15-01-2020,Aug 5 2023,Average
CUST1043,F,58,south ,15,4882.13,3,No,0,87220.76,0,March 3 2022,10-06-2023,excellent 
CUST1044,Male,73,NORTH,13,33418.52,1,1,Inactive,111119.46,1,15-01-2020,10-06-2023,Good
CUST1045,Male,45,East,27,72469.68,3,Yes,0,101689.93,0,15-02-2021,Aug 5 2023,Good
CUST1046,Male,55,North,59,95214.7,3,0,1,118156.01,0,15-01-2020,Aug 5 2023,Bad
CUST1047,Male,43,South,53,26264.4,1,0,1,85407.47,1,15-02-2021,10-06-2023,Bad
CUST1048,Male,25,East,9,80962.99,4,0,0,123821.34,0,15-01-2020,Aug 5 2023,Average
CUST1049,Male,71,south ,8,12087.21,3,1,Active,115953.71,0,15-01-2020,Aug 5 2023,Good
CUST1050,Female,68,East,40,2298.24,2,No,1,87220.76,0,15-01-2020,10-07-2023,Good
CUST1051,Female,29,North,6,48676.57,2,1,1,87220.76,0,15-01-2020,10-06-2023,Good
CUST1052,F,30,south ,51,48676.57,1,Yes,Active,137580.43,1,15-02-2021,Aug 5 2023, poor
CUST1053,Female,50,West,23,12724.47,2,1,Active,35029.29,0,15-01-2020,Aug 5 2023,Average
CUST1054,F,31,South,59,38172.15,3,1,Active,55531.73,0,15-02-2021,Aug 5 2023,Average
CUST1055,F,64,NORTH,18,12111.62,1,1,Inactive,127017.62,No,15-01-2020,10-06-2023,Bad
CUST1056,Female,37,North,56,44223.52,1,1,0,51865.42,No,15-01-2020,Aug 5 2023,Average
CUST1057,Male,40,south ,27,80577.35,2,0,0,92892.12,No,15-01-2020,Aug 5 2023, poor
CUST1058,M,45,North,56,47388.48,1,Yes,Inactive,49918.47,No,15-01-2020,10-06-2023,excellent 
CUST1059,Female,76,NORTH,29,57218.63,2,No,Active,103787.22,0,15-01-2020,Aug 5 2023,Average
CUST1060,M,22,North,58,44508.28,4,No,Inactive,128000.24,0,15-01-2020,Aug 5 2023,Average
CUST1061,Female,76,NORTH,17,48676.57,3,1,0,67513.04,No,15-01-2020,Aug 5 2023,Bad
CUST1062,Male,32,South,8,17625.25,2,1,1,63454.41,No,15-02-2021,10-06-2023,Good
CUST1063,F,25,South,26,48676.57,4,1,0,86079.47,0,15-01-2020,Aug 5 2023, poor
CUST1064,M,36,NORTH,26,40458.64,4,No,Active,126795.08,0,15-01-2020,10-07-2023, poor
CUST1065,M,45,West,17,99230.93,2,0,Active,72927.78,No,15-01-2020,10-06-2023,Good
CUST1066,Male,33,south ,36,66339.67,2,1,0,53163.81,0,15-02-2021,Aug 5 2023,Bad
CUST1067,Male,51,South,5,48676.57,4,1,0,45034.79,0,15-01-2020,10-07-2023,excellent 
CUST1068,Male,60,North,46,64276.69,2,1,Inactive,77841.81,0,15-01-2020,10-06-2023, poor
CUST1069,M,74,south ,44,56025.2,4,1,Active,91382.96,0,15-02-2021,Aug 5 2023,Average
CUST1070,F,18,East,46,85757.58,4,No,0,147397.52,0,15-01-2020,10-07-2023,Good
CUST1071,Male,73,NORTH,20,48676.57,3,0,Active,87051.33,0,15-01-2020,10-07-2023, poor
CUST1072,Male,59,East,29,67194.96,2,1,1,78313.16,No,15-01-2020,10-07-2023, poor
CUST1073,F,20,North,50,72676.22,4,1,Inactive,130211.18,0,15-01-2020,10-06-2023,Good
CUST1074,Female,21,North,26,30599.41,4,Yes,Active,114470.63,0,15-02-2021,Aug 5 2023,excellent 
CUST1075,F,33,East,39,39419.21,3,1,Inactive,119522.74,0,15-01-2020,Aug 5 2023,Bad
CUST1076,M,28,NORTH,33,45962.94,2,1,0,121755.72,1,15-02-2021,Aug 5 2023, poor
CUST1077,M,49,south ,15,4197.9,4,0,Active,50418.29,No,15-02-2021,10-06-2023,Average
CUST1078,Female,60,North,44,41828.35,2,1,0,77980.15,0,March 3 2022,Aug 5 2023,Good
CUST1079,Male,74,North,24,62867,1,1,0,47055.5,0,15-01-2020,10-07-2023, poor
CUST1080,F,44,south ,45,49162.55,2,1,Inactive,39410.08,1,15-02-2021,Aug 5 2023,Good
CUST1081,Male,22,NORTH,28,48676.57,2,Yes,0,87220.76,0,15-01-2020,10-07-2023,Good
CUST1082,M,49,South,51,38400.08,3,1,1,35906.52,0,15-01-2020,10-06-2023, poor
CUST1083,Male,45,south ,15,48676.57,4,Yes,0,110932.39,0,March 3 2022,Aug 5 2023,Average
CUST1084,F,57,NORTH,56,19406.76,2,1,Inactive,28957.8,0,15-01-2020,10-06-2023,Average
CUST1085,Male,42,East,21,47500.37,2,Yes,0,23335.71,No,March 3 2022,10-06-2023, poor
CUST1086,Male,47,south ,2,48834.59,4,No,Inactive,72708.51,0,15-02-2021,Aug 5 2023,Good
CUST1087,M,26,NORTH,51,85125.37,2,1,0,110933.24,0,15-01-2020,Aug 5 2023,Good
CUST1000,Male,46,West,46,48676.57,2,No,Active,149506.19,0,15-01-2020,Aug 5 2023, poor
CUST1089,F,65,South,39,73244.18,4,Yes,0,88758.09,0,15-01-2020,10-07-2023,excellent 
CUST1090,Male,58,South,31,3382.92,4,1,0,87220.76,0,15-02-2021,Aug 5 2023,Good
CUST1091,M,53,South,12,44813.34,2,0,Inactive,132806.63,1,15-01-2020,Aug 5 2023,Average
CUST1092,F,31,south ,6,13809.33,3,Yes,0,89098.68,0,15-01-2020,10-06-2023,Good
CUST1093,Male,78,NORTH,8,16686.63,4,0,0,38415.55,No,15-02-2021,10-06-2023,excellent 
CUST1094,M,43,West,12,78973.85,1,0,1,144016.06,No,March 3 2022,10-07-2023,Bad
CUST1095,M,41,south ,6,19521.17,3,1,0,93379.86,No,15-01-2020,10-06-2023,Good
CUST1096,Male,39,South,10,48676.57,4,1,Inactive,87220.76,0,15-02-2021,Aug 5 2023,Good
CUST1097,Female,72,south ,3,50556.12,4,1,Active,44899.74,0,15-01-2020,Aug 5 2023,excellent 
CUST1098,Female,44,south ,22,53200.71,4,1,Active,132408.15,No,15-01-2020,10-07-2023,Bad
CUST1099,F,48,West,10,35456.32,2,0,0,141019.62,1,15-01-2020,10-06-2023,excellent 
CUST1100,Male,45,East,14,39934.88,1,Yes,Active,141656.54,0,15-01-2020,10-06-2023,Bad
CUST1101,Male,60,West,3,47412.14,1,No,1,65494.02,0,15-02-2021,Aug 5 2023, poor
CUST1102,Male,56,south ,58,85908.21,1,0,0,110045.53,1,March 3 2022,Aug 5 2023, poor
CUST1103,Male,22,South,13,9767.83,2,Yes,1,118512.37,0,March 3 2022,Aug 5 2023,excellent 
CUST1104,Female,66,South,4,40542.36,2,No,Inactive,118370.06,0,March 3 2022,10-07-2023,Average
CUST1105,Male,53,North,51,44045.88,3,1,1,77977.37,1,March 3 2022,10-07-2023, poor
CUST1106,Female,79,NORTH,16,48676.57,4,No,Active,120800.16,1,15-02-2021,Aug 5 2023, poor
CUST1107,F,37,South,35,2287.23,1,1,0,24136.07,0,March 3 2022,10-07-2023, poor
CUST1108,Male,49,East,25,56113.39,3,1,1,32908.01,0,March 3 2022,Aug 5 2023,Good
CUST1109,Male,71,East,48,12087.05,3,No,Inactive,135170.41,1,March 3 2022,10-07-2023,Average
CUST1110,F,52,North,43,68491.18,1,Yes,Inactive,102113.91,0,15-02-2021,Aug 5 2023,Good
CUST1111,F,46,North,49,48676.57,4,Yes,1,124427.13,0,15-02-2021,Aug 5 2023,Bad
CUST1112,F,49,NORTH,36,96749.69,4,1,0,117394.82,No,March 3 2022,Aug 5 2023,excellent 
CUST1113,Female,71,North,56,48676.57,4,0,Inactive,87220.76,No,15-01-2020,Aug 5 2023,Bad
CUST1114,M,54,East,57,53621.08,1,1,0,87139.35,Yes,15-02-2021,Aug 5 2023,Bad
CUST1115,Male,49,south ,5,48676.57,4,Yes,Inactive,30846.67,0,15-01-2020,10-07-2023, poor
CUST1116,F,30,South,28,48676.57,4,1,0,58881.95,0,15-02-2021,10-06-2023,excellent 
CUST1117,Male,22,South,7,22316.63,3,1,1,64856.83,0,15-02-2021,Aug 5 2023,Average
CUST1118,Male,33,south ,59,25635.3,4,Yes,1,67183.29,1,March 3 2022,10-06-2023,Average
CUST1119,Male,66,south ,50,36253.81,2,1,Inactive,62064.88,0,15-02-2021,10-07-2023,Good
CUST1120,Female,71,South,29,20458.83,4,1,1,87220.76,No,15-01-2020,10-06-2023, poor
CUST1121,M,45,south ,59,47136.14,2,No,0,92113.28,0,15-01-2020,10-06-2023,Average
CUST1122,M,51,South,21,4306.38,2,Yes,1,85515.18,0,15-01-2020,10-07-2023, poor
CUST1123,Male,72,south ,41,1714.37,1,No,1,137062.62,No,March 3 2022,10-06-2023, poor
CUST1124,F,55,NORTH,12,43647.7,2,Yes,0,116626.14,0,15-01-2020,10-07-2023,Good
CUST1125,Female,53,West,17,42749.2,4,1,1,86147.31,No,15-02-2021,Aug 5 2023,Good
CUST1126,M,53,South,22,90272.04,3,0,Inactive,80823.79,0,March 3 2022,10-06-2023,excellent 
CUST1127,Male,41,East,34,75564.12,4,No,0,107655.01,0,March 3 2022,Aug 5 2023,Bad
CUST1128,M,36,south ,28,47951.45,1,1,Active,117779.74,0,March 3 2022,10-06-2023,Good
CUST1129,F,62,south ,12,55735.5,3,1,1,131125.33,0,15-02-2021,Aug 5 2023,Average
CUST1130,Male,73,East,50,57153.08,4,Yes,Active,127635,0,March 3 2022,10-07-2023,Bad
CUST1131,Female,18,NORTH,16,4094.72,4,1,1,34130.52,No,15-02-2021,10-07-2023, poor
CUST1132,Male,49,south ,46,96584.09,2,Yes,1,96360.57,0,March 3 2022,Aug 5 2023,Good
CUST1133,F,29,south ,28,577.43,2,1,Inactive,66876.57,0,15-02-2021,10-06-2023, poor
CUST1134,Male,20,West,19,55108.81,1,Yes,1,100613.54,0,March 3 2022,Aug 5 2023,Average
CUST1135,Male,41,NORTH,58,21964.03,4,0,1,70056.11,0,15-01-2020,Aug 5 2023,Good
CUST1136,F,47,South,20,811.99,3,1,0,91938.91,0,15-01-2020,10-06-2023,Good
CUST1137,Male,42,West,28,48676.57,2,No,Inactive,69160.54,0,15-01-2020,Aug 5 2023, poor
CUST1138,M,42,south ,38,76981.12,2,1,Inactive,122485.23,No,15-01-2020,Aug 5 2023,Good
CUST1139,Male,52,south ,14,51996.48,4,1,Active,32483.47,0,15-01-2020,Aug 5 2023,Average
CUST1140,Female,50,East,44,73161.05,1,0,0,116018.34,0,15-02-2021,Aug 5 2023,Average
CUST1141,M,77,East,52,96987.89,4,Yes,0,45253.93,0,15-01-2020,10-07-2023,excellent 
CUST1142,F,64,North,44,70776.48,3,0,Active,101013.18,0,15-02-2021,Aug 5 2023,Bad
CUST1143,Male,27,South,8,53420.43,2,Yes,0,122016.95,0,15-02-2021,Aug 5 2023,Good
CUST1144,F,64,south ,53,80857.53,1,1,0,31822.85,0,15-01-2020,10-07-2023,Good
CUST1145,Male,60,North,24,48676.57,1,Yes,Inactive,99964.25,0,March 3 2022,Aug 5 2023,Good
CUST1146,F,49,East,53,92204.28,4,No,0,50495.8,No,March 3 2022,10-07-2023,Bad
CUST1147,Male,75,South,10,48676.57,1,No,0,129500.45,0,15-01-2020,Aug 5 2023,excellent 
CUST1148,Female,25,south ,14,28881.3,2,Yes,Active,29491.09,1,15-02-2021,10-06-2023,excellent 
CUST1149,Male,33,West,45,99651.48,4,No,Active,81610.58,0,March 3 2022,10-07-2023,excellent 
CUST1150,Male,76,East,1,76802.29,4,0,1,20127.04,0,15-01-2020,10-06-2023,Bad
CUST1151,Male,33,North,29,42127.54,1,0,1,126357.45,No,15-01-2020,10-06-2023,excellent 
CUST1152,Female,78,south ,14,76716.67,4,Yes,0,51223.25,No,15-01-2020,10-06-2023,Good
CUST1153,F,56,NORTH,3,6498.02,2,1,Inactive,87924.96,0,March 3 2022,10-07-2023,Average
CUST1154,Male,33,south ,20,60544.53,2,Yes,Active,99057.41,0,15-01-2020,Aug 5 2023,Average
CUST1155,Male,64,south ,11,96016.23,2,1,1,88243.14,0,15-01-2020,10-06-2023,excellent 
CUST1156,Female,37,south ,41,70531.02,2,1,Inactive,61552.25,0,15-01-2020,Aug 5 2023,Bad
CUST1157,Male,37,NORTH,28,10604.86,2,1,0,98649.4,0,15-02-2021,10-06-2023, poor
CUST1158,Male,72,North,41,52461.46,4,0,1,115833.64,No,15-02-2021,Aug 5 2023,Average
CUST1159,Male,30,south ,17,33999.17,3,Yes,Active,149487.56,No,15-01-2020,Aug 5 2023, poor
CUST1160,F,74,South,23,72035.15,3,1,Inactive,135888.56,No,15-01-2020,Aug 5 2023,Average
CUST1161,Female,56,South,1,67627.71,3,1,1,45420.7,0,March 3 2022,Aug 5 2023,Good
CUST1162,F,52,South,1,46223.58,4,Yes,Active,71504.29,No,15-01-2020,Aug 5 2023, poor
CUST1163,F,59,South,54,54433.51,2,No,0,131318.47,No,March 3 2022,Aug 5 2023,Good
CUST1164,M,29,North,25,61367.14,3,1,Active,37048.7,0,15-01-2020,Aug 5 2023,Bad
CUST1165,Male,33,South,41,84838.72,4,0,Active,87220.76,No,15-01-2020,10-06-2023,Average
CUST1166,M,21,North,16,19649.29,2,Yes,Inactive,87220.76,0,15-01-2020,10-06-2023, poor
CUST1167,Male,30,North,17,46627.27,3,Yes,Inactive,127261.27,0,15-01-2020,10-07-2023,excellent 
CUST1168,Male,59,East,47,44513.84,2,0,Inactive,115172.75,No,15-01-2020,10-07-2023,Good
CUST1169,Male,72,East,30,7554.11,2,0,Active,110424.26,0,March 3 2022,Aug 5 2023,excellent 
CUST1170,Female,23,south ,1,76419.84,1,No,Inactive,128360.2,No,March 3 2022,Aug 5 2023,Good
CUST1171,F,27,NORTH,4,95647.53,2,No,Inactive,87220.76,0,15-02-2021,10-07-2023, poor
CUST1172,Male,35,North,11,48676.57,4,No,0,90307.73,0,March 3 2022,Aug 5 2023,excellent 
CUST1173,Female,22,South,18,37146.21,1,Yes,0,63330.96,1,15-02-2021,Aug 5 2023,Good
CUST1174,F,41,South,34,62139.33,4,1,0,137468.37,0,15-01-2020,10-07-2023,excellent 
CUST1175,F,19,south ,10,80635.72,1,No,1,91649.71,No,15-02-2021,10-06-2023,Good
CUST1176,Female,57,south ,54,56205.41,2,0,Active,147953.36,No,March 3 2022,Aug 5 2023,Bad
CUST1177,F,46,south ,15,93282.38,1,0,Inactive,50956.19,No,March 3 2022,Aug 5 2023,Good
CUST1178,M,31,East,48,60215.17,1,No,1,58422.94,No,15-01-2020,10-07-2023, poor
CUST1179,M,27,south ,22,47797.81,2,0,Active,147544.57,0,15-01-2020,Aug 5 2023,Good
CUST1180,Male,45,South,48,48676.57,2,0,0,115729.03,0,March 3 2022,10-06-2023,Good
CUST1181,M,57,south ,26,48135.39,2,1,Active,127395.39,0,15-02-2021,10-07-2023,Good
CUST1182,Male,26,West,36,22367.87,2,0,0,39690.33,No,15-01-2020,Aug 5 2023,Good
CUST1183,Male,60,south ,9,59690.86,2,0,0,124168.13,No,15-02-2021,10-06-2023,Bad
CUST1184,Male,67,South,18,2403.07,2,1,Inactive,48993.11,0,15-01-2020,Aug 5 2023, poor
CUST1185,Male,41,south ,49,74381.81,3,No,0,76523.45,1,15-02-2021,Aug 5 2023, poor
CUST1186,F,78,South,11,40872.26,1,No,Active,75326.47,0,15-01-2020,Aug 5 2023,Bad
CUST1187,F,74,south ,33,48676.57,2,1,Inactive,79058.34,0,15-01-2020,10-06-2023, poor
CUST1188,M,48,East,27,49793.1,4,0,0,67228.05,0,15-02-2021,Aug 5 2023,Average
CUST1189,F,76,East,33,91925.62,2,1,Inactive,37939.17,No,15-01-2020,Aug 5 2023,Average
CUST1190,Female,19,West,44,36708.58,4,1,0,61914.89,0,March 3 2022,Aug 5 2023,Average
CUST1191,F,34,East,39,2923.63,2,Yes,0,115511.16,0,March 3 2022,Aug 5 2023,Average
CUST1192,Male,65,South,35,23560.97,2,1,0,114243.39,0,15-02-2021,10-06-2023,Good
CUST1193,Male,25,South,2,24851.45,3,No,1,82449.88,0,15-01-2020,10-06-2023,Good
CUST1194,Female,47,North,46,17099.85,1,Yes,Active,47660.06,0,15-01-2020,10-07-2023,Good
CUST1195,Male,29,south ,4,95371.16,2,1,Active,27473.19,0,March 3 2022,10-07-2023,Good
CUST1196,M,44,East,21,48676.57,4,Yes,Inactive,43003.31,No,15-01-2020,Aug 5 2023,Bad
CUST1197,Male,45,East,25,85584.63,1,Yes,Active,91196.44,1,March 3 2022,10-07-2023,Average
CUST1198,F,38,south ,52,57999.57,3,Yes,Inactive,87220.76,No,March 3 2022,Aug 5 2023,Good
CUST1199,Female,72,South,8,69417.91,2,0,Active,148756.89,Yes,15-01-2020,10-06-2023,excellent 
CUST1200,Male,44,NORTH,38,48676.57,3,1,1,26661.91,0,15-02-2021,10-07-2023, poor
CUST1201,Male,39,South,15,76502.15,3,1,0,87220.76,No,15-02-2021,10-06-2023,Good
CUST1202,F,59,East,20,98385.99,2,1,1,63635.47,No,15-01-2020,Aug 5 2023,Bad
CUST1203,Male,42,NORTH,7,41538.6,3,1,1,47653.74,0,15-01-2020,Aug 5 2023,Good
CUST1204,F,47,south ,40,56162.56,2,0,0,64823.13,0,15-01-2020,10-06-2023,Average
CUST1205,M,58,North,59,71310.04,4,0,Active,105937.99,0,15-02-2021,Aug 5 2023,Good
CUST1206,M,59,NORTH,14,21677.62,3,1,Inactive,100520.6,0,March 3 2022,Aug 5 2023, poor
CUST1207,F,74,East,46,73410.98,3,Yes,0,95743,0,March 3 2022,Aug 5 2023,Good
CUST1208,M,68,North,20,31731.28,3,Yes,0,62627.72,No,15-01-2020,10-06-2023, poor
CUST1209,F,38,South,55,92904.45,3,No,1,100511.08,0,15-02-2021,Aug 5 2023,Bad
CUST1210,Male,55,West,34,48676.57,4,1,Inactive,68874.61,0,15-01-2020,Aug 5 2023,Good
CUST1211,Male,51,NORTH,44,99908.59,3,Yes,0,94652.32,No,15-01-2020,10-06-2023, poor
CUST1212,Male,34,NORTH,23,48676.57,4,No,Inactive,95431.11,0,15-02-2021,Aug 5 2023,Average
CUST1213,Male,74,NORTH,27,90775.15,2,1,Inactive,56050.22,0,15-01-2020,Aug 5 2023,excellent 
CUST1214,Male,55,South,27,36638.77,2,1,1,87220.76,No,15-01-2020,10-07-2023,excellent 
CUST1000,Male,34,South,45,48676.57,3,1,1,33120.33,No,15-02-2021,10-07-2023,Average
CUST1216,Male,41,East,23,85438.61,2,1,1,87220.76,0,15-01-2020,10-07-2023,Bad
CUST1217,F,20,West,5,30033.2,2,1,0,110109.34,1,15-02-2021,Aug 5 2023,excellent 
CUST1218,F,76,East,30,65891.59,2,1,Active,51426.94,No,March 3 2022,Aug 5 2023, poor
CUST1219,M,54,South,27,20899.37,2,1,Active,57331.39,0,15-01-2020,Aug 5 2023,Good
CUST1220,M,58,South,37,67849.82,2,No,Active,21329.24,No,March 3 2022,10-07-2023,Good
CUST1221,F,35,East,37,48676.57,2,1,0,135173.68,0,March 3 2022,10-06-2023, poor
CUST1222,Female,48,south ,49,48676.57,1,Yes,0,132753.05,0,15-01-2020,10-07-2023,Good
CUST1223,Male,18,East,41,73088.5,2,1,1,72931.92,0,15-02-2021,Aug 5 2023,Good
CUST1224,Male,66,East,29,68149.68,4,1,0,74446.85,No,March 3 2022,10-06-2023,Good
CUST1225,Male,60,south ,31,93104.08,2,0,Active,105418.65,Yes,March 3 2022,10-06-2023,Good
CUST1226,F,20,south ,58,92935.96,4,Yes,1,146106.41,No,15-01-2020,Aug 5 2023, poor
CUST1227,Male,76,NORTH,7,47645.95,2,Yes,1,140497.47,0,15-01-2020,Aug 5 2023,Average
CUST1228,M,53,North,51,574.26,2,1,Active,87220.76,0,15-02-2021,Aug 5 2023,excellent 
CUST1229,F,47,South,14,71766.19,2,No,0,87220.76,0,15-01-2020,10-06-2023,Good
CUST1230,Male,51,East,25,9489.45,2,1,0,126958.11,No,15-02-2021,10-06-2023, poor
CUST1231,M,58,North,14,849.78,4,1,0,36790.38,0,15-02-2021,10-06-2023,Bad
CUST1232,Female,32,south ,21,17026.73,2,Yes,1,58302.75,0,15-01-2020,10-06-2023,Good
CUST1233,Male,67,NORTH,6,72312.34,2,1,1,87220.76,0,15-02-2021,Aug 5 2023,Average
CUST1234,Male,31,South,45,73669,2,1,0,23878.87,No,15-01-2020,10-06-2023,Bad
CUST1235,Male,36,south ,21,48676.57,2,Yes,0,68483.95,0,15-01-2020,Aug 5 2023,Good
CUST1236,F,36,South,18,54713.24,2,1,Inactive,145251.66,No,15-01-2020,Aug 5 2023,Bad
CUST1237,M,35,South,31,25903.9,2,Yes,Inactive,119756.58,0,15-01-2020,Aug 5 2023, poor
CUST1238,F,58,East,41,99011.41,4,0,Inactive,49642.35,No,15-01-2020,10-07-2023,Good
CUST1239,Male,67,East,40,92050.63,1,Yes,0,102447.76,No,15-01-2020,Aug 5 2023, poor
CUST1000,Male,70,South,37,11456.44,2,Yes,Active,20769.95,0,March 3 2022,10-07-2023,Bad
CUST1241,M,44,South,5,4000.72,1,1,Inactive,69009.37,0,15-01-2020,10-07-2023,Average
CUST1242,Female,63,South,24,48676.57,4,1,Active,42965.92,0,15-02-2021,10-07-2023,Good
CUST1243,M,35,south ,57,21174.23,3,1,1,127315.48,No,15-01-2020,Aug 5 2023,Bad
CUST1244,Male,32,south ,37,20588.12,1,0,0,87220.76,0,March 3 2022,Aug 5 2023, poor
CUST1245,M,40,south ,8,32491.46,2,0,0,40788.7,No,15-01-2020,Aug 5 2023,Bad
CUST1246,F,18,East,41,90736.81,3,1,Active,89046.53,No,March 3 2022,Aug 5 2023,Average
CUST1247,M,22,West,13,13487.52,2,1,0,36752.27,0,15-01-2020,Aug 5 2023,excellent 
CUST1248,Male,77,NORTH,30,44326.01,2,1,Inactive,83580.79,No,15-02-2021,Aug 5 2023,Good
CUST1249,Female,60,West,58,97878.62,1,Yes,Active,61989.97,0,15-01-2020,10-07-2023, poor
CUST1250,Male,32,NORTH,5,88043.63,4,1,1,135898.15,No,15-01-2020,Aug 5 2023,Good
CUST1000,Female,57,North,10,4678.07,3,1,Inactive,64313.06,No,15-01-2020,10-06-2023,Average
CUST1252,M,53,West,29,17546.43,2,1,Active,87220.76,No,March 3 2022,10-07-2023,excellent 
CUST1253,Male,46,south ,36,98491.04,3,0,0,74669.89,0,March 3 2022,Aug 5 2023,Good
CUST1254,Female,28,South,39,3204.85,3,1,0,113118.54,No,March 3 2022,Aug 5 2023,Good
CUST1255,Male,43,South,27,15211.44,2,1,0,140978.05,No,March 3 2022,Aug 5 2023,Average
CUST1256,F,21,East,8,48676.57,1,1,0,122452.9,0,March 3 2022,10-06-2023,Average
CUST1257,Male,48,South,2,47688.75,2,0,0,78905.12,0,15-01-2020,Aug 5 2023,Average
CUST1258,M,60,South,57,65808.85,4,0,0,87220.76,No,March 3 2022,Aug 5 2023,Bad
CUST1259,Female,50,East,54,23739.7,4,1,0,112420.76,No,15-01-2020,Aug 5 2023,Bad
CUST1260,Female,20,south ,2,55618.53,1,1,0,45085.62,0,15-01-2020,10-07-2023,excellent 
CUST1261,Male,56,West,52,22465.85,3,No,Inactive,53963.44,0,15-01-2020,Aug 5 2023,Good
CUST1262,M,52,South,25,77126.09,1,1,Active,21009.52,0,15-02-2021,Aug 5 2023,excellent 
CUST1263,Female,27,south ,46,48676.57,2,0,0,90930.77,1,March 3 2022,10-06-2023,excellent 
CUST1264,M,36,NORTH,30,83493.4,1,No,1,67911.59,0,15-01-2020,Aug 5 2023, poor
CUST1265,Male,69,NORTH,3,86558.89,2,1,Inactive,68073.44,0,15-01-2020,10-07-2023,Bad
CUST1266,Female,30,south ,1,27058.62,2,No,1,127256.8,No,15-01-2020,Aug 5 2023,Average
CUST1000,Male,44,south ,16,52991.36,2,No,0,109553.09,No,15-01-2020,10-06-2023,Good
CUST1268,M,23,south ,5,1562.05,3,1,1,64594.42,0,15-02-2021,Aug 5 2023,Bad
CUST1269,Male,76,NORTH,29,18106.74,2,1,0,134008.34,0,15-01-2020,Aug 5 2023, poor
CUST1270,F,72,NORTH,21,20384.34,3,1,0,126619.72,0,15-01-2020,Aug 5 2023,Bad
CUST1271,Male,45,East,49,91517.34,2,No,0,112362.2,No,15-02-2021,10-06-2023,excellent 
CUST1272,Female,39,NORTH,13,48676.57,3,1,0,117586.14,No,15-02-2021,Aug 5 2023,Bad
CUST1273,F,53,North,4,56659.39,3,1,0,45308.93,0,March 3 2022,Aug 5 2023, poor
CUST1274,Female,72,East,13,74923.12,4,1,0,144452.07,No,15-02-2021,Aug 5 2023, poor
CUST1275,Male,75,East,33,92823.99,4,No,Inactive,83112.4,Yes,March 3 2022,Aug 5 2023,Good
CUST1276,Male,48,south ,19,29467.87,2,1,Inactive,69306.71,0,March 3 2022,10-06-2023,excellent 
CUST1277,M,38,South,42,77438.89,1,No,1,82122.16,0,15-01-2020,Aug 5 2023,Average
CUST1278,Male,23,south ,29,9049.11,2,1,1,136294.85,0,15-02-2021,10-06-2023,Bad
CUST1279,F,21,East,49,85042.87,2,Yes,0,104356.45,No,15-01-2020,Aug 5 2023,Good
CUST1280,Female,49,south ,21,11528.37,1,1,0,55626.5,No,15-01-2020,10-07-2023,Good
CUST1281,F,29,West,54,58970.67,1,Yes,0,87220.76,0,15-01-2020,10-06-2023,excellent 
CUST1282,Male,49,NORTH,40,11092.72,1,1,Active,46458.86,No,15-02-2021,Aug 5 2023,Average
CUST1283,Female,53,South,55,48676.57,1,1,0,87220.76,1,15-01-2020,Aug 5 2023, poor
CUST1284,M,48,South,54,48676.57,3,1,1,116762.64,No,15-01-2020,10-07-2023,Bad
CUST1285,F,50,south ,46,28433.85,3,1,0,73479.83,0,March 3 2022,10-07-2023,Good
CUST1286,Male,18,West,3,40356.57,2,Yes,0,119658.51,No,15-02-2021,Aug 5 2023,Bad
CUST1287,Male,64,South,36,63417.83,4,1,0,20063.81,No,15-01-2020,10-06-2023,Bad
CUST1288,M,42,East,47,90775.78,4,1,Active,24975.21,No,March 3 2022,10-06-2023,Good
CUST1289,M,22,West,2,65603.1,1,No,0,54604.36,No,15-02-2021,10-07-2023,Average
CUST1290,Male,43,North,15,48676.57,1,1,1,25005.4,0,15-01-2020,10-06-2023,Good
CUST1291,Male,52,North,21,48676.57,2,1,0,49355.75,0,15-02-2021,10-06-2023,Bad
CUST1292,F,42,south ,28,78464.04,2,No,Inactive,112472.78,0,15-01-2020,10-06-2023,Average
CUST1293,F,59,North,57,6416.03,1,1,0,65573.59,0,March 3 2022,10-06-2023,excellent 
CUST1294,F,47,West,44,81016.13,3,1,0,28167.29,0,March 3 2022,10-06-2023,Good
CUST1295,Female,58,East,6,51737.43,4,No,Active,90617.18,0,March 3 2022,10-06-2023,Average
CUST1296,Male,54,West,7,91210.1,3,No,0,97598.97,No,15-01-2020,10-06-2023,Good
CUST1297,M,30,North,18,93804.44,4,No,1,76453.77,No,15-01-2020,Aug 5 2023, poor
CUST1298,Male,22,south ,35,71472.46,4,1,0,47194.01,0,15-01-2020,10-07-2023,Average
CUST1299,Female,60,East,54,80023.87,1,Yes,0,133863.26,0,March 3 2022,10-06-2023, poor
CUST1300,M,19,South,23,46930.2,1,0,0,76453.15,1,15-02-2021,Aug 5 2023,Good
CUST1301,F,75,North,28,87301.78,2,Yes,0,73517.51,No,March 3 2022,Aug 5 2023, poor
CUST1302,Male,29,South,48,4033.25,4,0,1,144449.27,1,15-02-2021,Aug 5 2023,excellent 
CUST1303,F,50,south ,40,79511.86,1,1,0,51295.08,0,March 3 2022,Aug 5 2023,Good
CUST1000,M,64,West,43,99010.33,4,1,Inactive,143323.12,0,15-01-2020,Aug 5 2023,excellent 
CUST1305,Male,61,NORTH,45,85790.32,4,Yes,Inactive,24160.57,No,15-01-2020,10-06-2023,Bad
CUST1306,M,77,South,30,34506.7,3,Yes,Active,92149.42,1,15-01-2020,10-07-2023,Bad
CUST1307,M,54,South,56,99429.6,4,1,0,88553.52,No,March 3 2022,Aug 5 2023,Average
CUST1308,Male,29,North,59,82797.83,3,Yes,0,58723.63,0,15-02-2021,10-06-2023, poor
CUST1309,Male,36,East,49,22266.78,1,Yes,0,149400.22,No,15-01-2020,Aug 5 2023,excellent 
CUST1310,M,47,south ,15,63905.59,4,Yes,1,87220.76,No,15-01-2020,10-07-2023,Average
CUST1311,Female,31,South,35,64047.4,3,0,Active,62369.85,0,15-01-2020,Aug 5 2023,Bad
CUST1312,F,60,East,30,6890.03,4,0,0,28641.34,0,15-01-2020,10-06-2023, poor
CUST1313,Female,62,NORTH,18,48676.57,2,0,1,67960.64,0,March 3 2022,Aug 5 2023,Average
CUST1314,F,57,NORTH,55,9636.43,3,Yes,Active,130767.35,0,15-02-2021,Aug 5 2023,Good
CUST1315,Male,43,south ,48,2173.27,4,1,Inactive,87220.76,No,15-02-2021,10-07-2023,excellent 
CUST1316,Female,41,East,3,94041.59,3,0,1,108888.89,No,15-01-2020,Aug 5 2023,Average
CUST1317,Male,48,south ,12,85269.24,2,Yes,1,82645.65,No,15-02-2021,10-07-2023,Good
CUST1318,Male,48,south ,54,35752.84,1,0,0,30851.51,0,15-02-2021,10-07-2023,excellent 
CUST1319,Female,46,south ,5,48676.57,1,1,1,43652.03,0,March 3 2022,Aug 5 2023,excellent 
CUST1320,Female,26,NORTH,19,98615.8,2,No,0,25153.78,0,15-01-2020,Aug 5 2023, poor
CUST1321,F,54,South,29,48551.71,4,No,Active,63467.64,No,March 3 2022,Aug 5 2023, poor
CUST1322,Female,22,West,7,50375.14,2,Yes,0,87220.76,0,15-01-2020,10-06-2023,Bad
CUST1323,M,50,NORTH,42,26118.56,2,0,Inactive,96552.76,No,15-02-2021,10-06-2023,Good
CUST1324,M,51,South,11,2029.91,3,Yes,0,45443.44,No,15-02-2021,10-06-2023,excellent 
CUST1325,Male,72,south ,29,63160.26,2,1,0,111141.43,No,15-01-2020,Aug 5 2023,excellent 
CUST1326,Male,29,West,40,99429.82,2,1,0,87220.76,0,15-02-2021,Aug 5 2023,Bad
CUST1327,Male,59,North,14,52186.04,1,0,1,87220.76,0,15-01-2020,10-06-2023,excellent 
CUST1328,M,29,South,38,91305.72,4,1,0,87220.76,Yes,March 3 2022,10-07-2023,excellent 
CUST1329,Male,25,south ,41,98617.51,1,Yes,0,133742.36,0,15-01-2020,Aug 5 2023,Good
CUST1330,Female,68,North,43,76859.95,2,Yes,Active,51744.01,No,15-01-2020,10-06-2023, poor
CUST1331,M,55,south ,35,46340.4,3,1,Active,56704.35,0,15-01-2020,Aug 5 2023,excellent 
CUST1332,F,57,south ,27,10411.93,2,1,0,22099.29,No,15-02-2021,Aug 5 2023,Good
CUST1333,M,23,south ,37,49322.42,2,0,Active,121778.38,No,15-01-2020,10-06-2023,Average
CUST1334,Male,56,West,25,12559.39,2,No,Active,75666.56,0,15-01-2020,10-06-2023,Good
CUST1335,Female,46,south ,2,75027.99,3,1,0,87220.76,No,15-02-2021,Aug 5 2023,Average
CUST1336,Female,68,south ,30,48676.57,2,1,1,77971.2,No,15-01-2020,Aug 5 2023,Bad
CUST1337,Male,55,south ,41,48676.57,1,1,0,124936.33,No,15-01-2020,Aug 5 2023,excellent 
CUST1338,F,75,NORTH,2,44215.42,4,1,Inactive,87220.76,No,15-02-2021,10-06-2023,Good
CUST1339,F,22,East,50,36593.51,2,No,Inactive,145673.98,Yes,15-02-2021,10-06-2023,Bad
CUST1340,F,34,south ,37,74045.65,3,1,Active,57276.19,No,15-01-2020,Aug 5 2023,Bad
CUST1341,F,67,West,50,58125.44,2,1,Inactive,33133.9,No,15-02-2021,Aug 5 2023,Bad
CUST1342,Male,48,North,3,93422.82,2,1,Inactive,25320,0,15-01-2020,Aug 5 2023,excellent 
CUST1343,Male,64,East,20,49857.52,4,Yes,0,48505.64,0,15-02-2021,10-06-2023,Good
CUST1344,Female,27,south ,42,48676.57,3,1,Active,144778.7,0,15-02-2021,10-06-2023,Good
CUST1345,M,50,NORTH,12,48676.57,1,1,1,84141.04,Yes,15-01-2020,10-07-2023,excellent 
CUST1346,Male,45,North,26,65154.26,3,Yes,0,59368,0,15-02-2021,Aug 5 2023,Good
CUST1347,Male,49,south ,48,21689.7,4,1,1,143847.25,No,March 3 2022,10-06-2023,excellent 
CUST1348,Female,78,East,40,34197.03,2,No,Inactive,130018.69,0,March 3 2022,10-07-2023,Good
CUST1349,Male,70,NORTH,55,75149,2,Yes,Active,111248.98,0,March 3 2022,Aug 5 2023, poor
CUST1350,Female,38,South,52,48676.57,3,1,0,69432.22,No,15-01-2020,Aug 5 2023,Average
CUST1351,Male,75,south ,45,59615.87,3,1,0,103351.02,0,15-01-2020,10-07-2023,Good
CUST1352,M,19,South,58,264.58,2,1,0,75108.28,0,15-01-2020,10-06-2023,Bad
CUST1353,Male,24,south ,50,48676.57,4,0,0,99718.54,0,15-01-2020,Aug 5 2023, poor
CUST1354,Male,65,NORTH,36,27868.32,2,0,Active,87220.76,0,March 3 2022,Aug 5 2023,Good
CUST1355,M,44,south ,11,49719.06,1,1,0,145337.5,1,15-01-2020,10-07-2023,Good
CUST1356,Female,66,East,36,82595.24,1,1,1,120526.8,0,March 3 2022,10-06-2023,Good
CUST1357,Male,32,East,59,69764.76,3,No,Active,87220.76,No,15-01-2020,10-06-2023,Good
CUST1358,F,75,North,46,99437.55,2,1,0,94325.08,0,15-01-2020,Aug 5 2023,Bad
CUST1359,M,27,West,50,6981.28,2,1,0,92476.41,0,15-01-2020,10-06-2023,Good
CUST1360,Male,55,East,48,39241.43,3,0,0,102165.72,0,15-02-2021,Aug 5 2023,Bad
CUST1000,F,20,NORTH,36,40377.92,4,1,Inactive,24194.16,No,15-01-2020,Aug 5 2023, poor
CUST1362,F,19,East,9,97964.43,1,No,Inactive,36784.44,No,15-01-2020,Aug 5 2023,excellent 
CUST1363,F,55,East,27,65065.15,4,No,0,108461.71,0,15-01-2020,10-06-2023,Good
CUST1364,F,39,south ,58,67554.72,2,1,1,80566.8,No,March 3 2022,10-07-2023,excellent 
CUST1365,Male,74,South,17,33277.1,4,1,1,88133.79,0,15-01-2020,Aug 5 2023,Average
CUST1366,Female,19,West,52,41542.48,2,1,1,25354.12,No,March 3 2022,Aug 5 2023, poor
CUST1367,Male,67,North,12,45346.46,3,No,0,71492.33,0,15-02-2021,10-07-2023,excellent 
CUST1368,Male,56,East,15,78453.07,3,No,0,105100.43,No,15-01-2020,Aug 5 2023,Good
CUST1369,Male,60,South,11,84523.02,2,1,Inactive,89702.73,0,15-02-2021,Aug 5 2023,Bad
CUST1370,Female,77,North,37,66835.49,2,1,0,96242.74,No,15-01-2020,Aug 5 2023, poor
CUST1371,Male,57,South,53,36214.26,3,No,0,21814.52,0,15-01-2020,10-06-2023,Good
CUST1372,Male,48,East,29,90187.48,3,No,1,36723.02,0,March 3 2022,10-06-2023, poor
CUST1373,Male,67,East,7,59174.39,1,1,0,142884.59,0,15-02-2021,Aug 5 2023,Bad
CUST1374,Male,73,East,44,76882.49,1,1,0,45473.05,0,15-02-2021,Aug 5 2023,Good
CUST1375,Male,53,NORTH,49,9457.22,4,1,0,64774.82,0,March 3 2022,10-06-2023,Bad
CUST1376,M,59,North,11,24319.18,2,1,Active,87220.76,0,15-01-2020,Aug 5 2023,Average
CUST1377,Male,33,south ,57,47679.25,4,1,0,23614.81,No,15-01-2020,Aug 5 2023, poor
CUST1378,Male,38,North,51,32308.72,2,1,0,75877.42,No,March 3 2022,Aug 5 2023,Good
CUST1379,M,34,North,24,44117.42,1,0,Inactive,20279.8,0,March 3 2022,Aug 5 2023,Average
CUST1380,Male,74,NORTH,7,48676.57,3,1,0,73629.94,0,15-02-2021,10-07-2023,Average
CUST1381,Male,19,North,56,19246.61,3,No,0,31709.59,1,15-01-2020,Aug 5 2023,excellent 
CUST1382,M,19,East,36,99564.61,4,Yes,0,67685.27,0,15-01-2020,10-07-2023,Average
CUST1383,Male,36,North,53,49643.99,1,1,Active,77920.63,0,15-01-2020,Aug 5 2023,excellent 
CUST1384,Female,26,NORTH,3,33318.39,4,No,Active,132463.81,1,15-02-2021,Aug 5 2023,Average
CUST1385,Male,33,south ,26,48676.57,4,No,Active,87220.76,1,15-01-2020,10-07-2023,Average
CUST1386,Male,67,West,29,48676.57,3,1,Active,51572.02,0,15-01-2020,10-07-2023,Good
CUST1387,M,69,West,47,22619.9,2,0,1,136812.86,No,15-01-2020,10-06-2023,Good
CUST1000,Male,37,East,1,25324.11,3,0,Active,75477.86,No,15-01-2020,10-06-2023,Good
CUST1389,Female,28,south ,27,65841.82,2,1,0,110670.06,0,15-01-2020,10-07-2023,Good
CUST1390,Female,45,East,12,4473.86,2,1,0,88841.13,1,15-02-2021,10-06-2023,Average
CUST1391,F,70,south ,46,91008.64,4,0,1,98917.07,No,March 3 2022,10-06-2023,Average
CUST1392,M,21,south ,44,70503.7,2,1,0,69985.89,0,March 3 2022,10-06-2023,Good
CUST1393,Male,58,East,25,86192.13,2,0,Inactive,70873.96,0,15-02-2021,Aug 5 2023,Bad
CUST1394,F,27,NORTH,37,24360.78,2,No,0,70298.91,Yes,15-01-2020,10-06-2023, poor
CUST1395,M,36,south ,20,67597.95,4,1,0,89132.01,0,March 3 2022,Aug 5 2023,Good
CUST1396,Male,44,West,34,8944.56,2,0,Inactive,44646.16,0,15-01-2020,10-07-2023,Good
CUST1397,Female,55,West,20,79758.34,2,1,0,42242.1,0,March 3 2022,10-06-2023,excellent 
CUST1398,F,22,North,35,15428.81,3,1,1,140128.96,0,15-01-2020,10-07-2023,Good
CUST1399,M,77,NORTH,13,3844.89,3,1,Active,47166.72,Yes,15-01-2020,10-07-2023,Bad
CUST1400,F,25,south ,22,32140.07,1,1,Inactive,107698.03,0,15-01-2020,Aug 5 2023,Good
CUST1401,Male,58,south ,45,11658.7,2,No,0,148303.45,No,15-01-2020,10-06-2023, poor
CUST1402,F,47,south ,26,10062.44,2,0,1,113857.83,No,15-01-2020,Aug 5 2023, poor
CUST1403,F,41,East,33,6428,1,0,Inactive,100872.63,No,March 3 2022,Aug 5 2023, poor
CUST1404,Male,58,North,56,70753.17,4,0,0,68002,0,March 3 2022,Aug 5 2023,Good
CUST1405,F,25,south ,23,43459.46,3,Yes,Inactive,24344.46,0,15-02-2021,10-06-2023,Average
CUST1406,Female,19,south ,8,31484.09,3,1,0,88367.44,0,March 3 2022,10-07-2023,Good
CUST1407,M,26,North,29,48676.57,1,1,0,28524.51,0,March 3 2022,10-06-2023,Bad
CUST1408,F,49,East,3,1066.28,3,Yes,1,80990.23,0,March 3 2022,10-07-2023,Bad
CUST1409,Male,58,south ,20,33337.04,1,1,0,50396.95,Yes,March 3 2022,Aug 5 2023, poor
CUST1410,Male,75,south ,11,30041.83,2,No,0,137424.77,No,15-01-2020,10-06-2023,Bad
CUST1411,Male,64,West,3,92989.75,2,No,Active,148357.03,No,March 3 2022,Aug 5 2023,excellent 
CUST1412,Female,24,South,38,63797.66,2,1,1,87220.76,No,15-01-2020,Aug 5 2023,Bad
CUST1413,M,34,South,35,48676.57,2,Yes,Active,125394.62,0,March 3 2022,Aug 5 2023, poor
CUST1414,Male,57,NORTH,8,85323.7,1,Yes,Inactive,37969.43,No,15-01-2020,10-06-2023,Good
CUST1415,Female,66,South,11,93006.53,4,No,0,87877.37,0,15-02-2021,10-07-2023, poor
CUST1000,Female,37,south ,16,284.79,1,0,0,109998.02,0,15-01-2020,Aug 5 2023,Average
CUST1417,M,24,NORTH,28,48448.37,4,No,Active,87220.76,No,15-02-2021,Aug 5 2023,Good
CUST1418,Male,78,South,21,76379.89,2,1,Inactive,62926.42,0,March 3 2022,Aug 5 2023,Good
CUST1419,Female,61,South,25,19509.78,2,Yes,1,142336.61,No,15-01-2020,10-07-2023,Average
CUST1420,Male,50,North,5,35892.55,3,No,0,25129,No,15-02-2021,10-07-2023, poor
CUST1421,Male,51,West,15,60416.45,3,No,0,90805,0,15-01-2020,Aug 5 2023,Good
CUST1422,M,48,NORTH,11,2010.69,3,No,Active,91841.74,1,15-01-2020,Aug 5 2023,Good
CUST1423,Male,45,south ,51,44309.2,3,1,1,72527.18,1,15-02-2021,Aug 5 2023,Good
CUST1424,Female,52,West,31,72728.33,2,0,0,111262.58,0,15-01-2020,10-07-2023,Good
CUST1425,M,75,West,55,36540.29,1,1,0,52673.81,0,15-01-2020,Aug 5 2023,Bad
CUST1426,F,59,south ,10,1809.81,1,0,Inactive,76478.52,0,March 3 2022,10-07-2023,Bad
CUST1427,Male,30,West,6,35817.07,1,1,Inactive,126249.27,1,March 3 2022,Aug 5 2023,Average
CUST1428,Male,31,North,29,92635.67,4,No,Inactive,91223.11,0,15-02-2021,Aug 5 2023, poor
CUST1429,Male,68,NORTH,50,6116.56,2,No,0,129970.88,0,March 3 2022,10-06-2023,Good
CUST1430,Male,76,NORTH,26,11860.46,1,1,1,125188.87,0,15-01-2020,10-07-2023,Average
CUST1431,Female,65,NORTH,34,81207.51,2,No,Active,61534.35,0,15-01-2020,10-07-2023,Bad
CUST1432,Male,40,South,51,48418.87,3,1,0,131663.91,0,15-01-2020,10-06-2023,Bad
CUST1433,F,21,NORTH,25,98210.82,1,0,Inactive,94856.4,0,15-02-2021,10-06-2023,Average
CUST1434,Male,32,North,57,83408.98,1,No,Inactive,66857.14,No,March 3 2022,Aug 5 2023,Good
CUST1435,Male,47,NORTH,23,67892.21,2,0,1,104367.45,No,15-02-2021,Aug 5 2023,Good
CUST1436,Female,70,south ,46,55619.62,2,No,Active,134493.59,0,March 3 2022,10-06-2023,Bad
CUST1437,Male,68,South,52,30168.34,3,No,Active,116091.54,0,15-02-2021,10-06-2023,Bad
CUST1438,M,38,South,19,90925.66,1,1,Active,76779.77,0,15-01-2020,Aug 5 2023,Good
CUST1439,M,26,North,30,23270.65,2,No,Active,98739.75,No,15-02-2021,Aug 5 2023,Good
CUST1440,Female,55,south ,29,83240.11,2,No,0,92332.45,0,15-01-2020,10-07-2023,Bad
CUST1441,Female,38,NORTH,6,38232.72,1,1,Active,87220.76,No,15-02-2021,Aug 5 2023,Average
CUST1442,Male,46,East,19,10068.7,3,Yes,0,29082.42,No,15-01-2020,Aug 5 2023, poor
CUST1443,Male,57,south ,32,13454.64,2,No,1,113151.02,0,15-01-2020,Aug 5 2023,excellent 
CUST1444,Male,68,West,5,56676.7,1,1,0,87220.76,0,15-01-2020,10-06-2023,excellent 
CUST1445,M,48,East,4,87870.39,4,0,Inactive,87220.76,0,15-01-2020,10-07-2023,Bad
CUST1446,F,75,south ,44,12043.15,1,0,0,118864.5,1,March 3 2022,10-06-2023,Bad
CUST1447,Male,21,south ,33,55025.22,2,0,1,62316.46,0,15-02-2021,Aug 5 2023, poor
CUST1448,M,48,South,49,6048.27,2,No,0,80900.96,0,15-01-2020,10-06-2023,Bad
CUST1449,Male,65,North,3,39392.77,2,Yes,1,44369.36,0,15-01-2020,Aug 5 2023,Good
CUST1450,Male,56,South,26,38473.48,2,Yes,0,27343.72,No,15-01-2020,Aug 5 2023,Good
CUST1000,Male,34,West,9,24388.66,3,1,Inactive,38782.37,No,15-01-2020,Aug 5 2023,excellent 
CUST1452,F,20,North,12,92731.44,4,Yes,0,43767.87,No,15-02-2021,10-06-2023,Bad
CUST1453,Male,29,NORTH,13,81423.87,2,No,0,57934.04,0,15-01-2020,10-06-2023,excellent 
CUST1454,Male,73,West,32,33256.02,2,1,Inactive,83536.39,0,15-01-2020,10-07-2023,Bad
CUST1455,F,51,south ,18,89582.67,2,1,0,61052,0,15-01-2020,Aug 5 2023,Bad
CUST1456,M,34,south ,14,39685.75,3,Yes,0,21798.08,No,15-01-2020,Aug 5 2023,Good
CUST1457,M,44,West,55,36217.11,2,1,0,95996.52,No,15-01-2020,10-06-2023, poor
CUST1458,Male,56,south ,39,48389.06,3,Yes,0,145971.94,No,15-02-2021,10-07-2023, poor
CUST1459,Male,29,East,4,48676.57,2,1,1,31374.52,0,15-02-2021,10-07-2023,excellent 
CUST1460,Female,50,South,10,14567.87,1,1,Active,87220.76,1,15-01-2020,10-06-2023,excellent 
CUST1000,Male,49,south ,31,48676.57,1,1,1,46903.76,No,15-01-2020,Aug 5 2023,Bad
CUST1462,M,28,North,7,26380.98,4,0,0,62307.02,No,15-01-2020,10-07-2023, poor
CUST1463,M,49,North,34,59264.57,2,No,Active,89863.29,0,March 3 2022,10-07-2023,excellent 
CUST1464,M,41,NORTH,17,33077.64,1,Yes,0,44582.44,No,15-01-2020,Aug 5 2023,excellent 
CUST1465,F,75,North,57,48676.57,2,1,Active,108994.41,0,March 3 2022,Aug 5 2023,Good
CUST1466,F,53,NORTH,34,16923.57,2,1,Inactive,105192.74,No,15-02-2021,Aug 5 2023,Good
CUST1000,F,64,South,9,41651.43,2,Yes,1,87220.76,Yes,15-01-2020,10-06-2023,Good
CUST1468,Male,29,south ,3,57897.17,2,Yes,0,59914.94,0,March 3 2022,Aug 5 2023,excellent 
CUST1469,F,26,West,53,93727.99,2,0,Active,87220.76,0,March 3 2022,10-07-2023, poor
CUST1470,Male,63,south ,44,98554.91,1,1,Active,78628.09,0,15-01-2020,Aug 5 2023,excellent 
CUST1471,Female,57,NORTH,5,7278.89,1,Yes,Active,56586.94,No,March 3 2022,Aug 5 2023,Good
CUST1472,Female,73,North,49,62759.05,2,Yes,0,58717.68,No,15-01-2020,10-06-2023,excellent 
CUST1473,F,23,North,3,54677.46,1,No,Inactive,132884.45,0,15-02-2021,10-07-2023,Bad
CUST1474,M,68,NORTH,25,3289.03,2,No,Active,102064.25,No,March 3 2022,Aug 5 2023,Good
CUST1475,Male,20,South,3,41203.77,2,No,0,87220.76,No,March 3 2022,Aug 5 2023, poor
CUST1476,M,60,NORTH,39,34020.89,1,No,0,101047.44,0,March 3 2022,Aug 5 2023,excellent 
CUST1477,M,68,West,41,67703.98,3,Yes,Active,66328.08,0,15-01-2020,Aug 5 2023,excellent 
CUST1478,M,48,East,42,60868.14,2,Yes,1,122211.23,0,15-02-2021,Aug 5 2023,Good
CUST1479,Female,54,South,58,49734.4,2,1,1,115321.68,No,March 3 2022,Aug 5 2023,Average
CUST1480,Male,61,South,10,18065.07,2,0,Inactive,121087.78,0,15-01-2020,Aug 5 2023,excellent 
CUST1481,Male,28,south ,56,73020.28,2,No,0,24216.05,0,15-02-2021,Aug 5 2023,Good
CUST1482,M,44,East,23,82790.84,2,1,0,142199.34,0,March 3 2022,Aug 5 2023,Bad
CUST1483,Male,22,south ,11,52055.41,4,1,Inactive,122920.32,No,15-01-2020,10-06-2023,Good
CUST1484,F,58,South,22,25657.68,2,1,1,146710,0,15-01-2020,10-06-2023,excellent 
CUST1485,Male,67,south ,30,35904.34,2,1,0,77216.09,0,15-01-2020,Aug 5 2023,Good
CUST1486,F,51,North,7,14859.39,4,Yes,Inactive,146893.4,0,15-02-2021,10-07-2023,Bad
CUST1487,F,34,NORTH,23,91307.9,1,Yes,1,97607.09,0,15-01-2020,Aug 5 2023,Good
CUST1488,M,49,West,30,48676.57,1,No,Active,77042.16,Yes,15-01-2020,Aug 5 2023,Average
CUST1489,Female,67,South,25,76896.3,4,0,0,78925.91,No,15-01-2020,10-06-2023,Average
CUST1490,F,18,NORTH,36,77714.07,3,1,Inactive,87220.76,No,15-01-2020,10-06-2023,excellent 
CUST1491,Male,71,East,27,90079.62,1,1,Inactive,93829.21,0,15-01-2020,Aug 5 2023, poor
CUST1492,Male,33,south ,32,51254.1,2,1,Inactive,134970.4,No,15-01-2020,10-06-2023,Average
CUST1493,Male,25,South,45,48676.57,1,No,0,42419.77,0,15-02-2021,10-07-2023,Average
CUST1494,F,40,East,13,32948.62,3,1,0,127938.63,No,15-01-2020,Aug 5 2023, poor
CUST1495,Male,48,North,52,46213.1,2,0,1,149533.32,0,15-01-2020,Aug 5 2023,Bad
CUST1496,Male,74,south ,52,88021.25,2,1,Active,54389.41,No,March 3 2022,10-07-2023,Average
CUST1497,Male,69,south ,5,66656.98,2,1,0,60612.41,0,15-02-2021,Aug 5 2023,Good
CUST1498,Male,21,South,9,45670.11,2,1,Active,118559.9,0,March 3 2022,Aug 5 2023,Average
CUST1499,Male,20,south ,26,24362.97,1,0,Active,27419.25,0,15-02-2021,10-06-2023,excellent 
CUST1500,F,25,south ,57,2238.75,2,1,Inactive,87220.76,No,15-01-2020,Aug 5 2023, poor
CUST1501,M,66,North,6,48676.57,2,1,Inactive,54835.66,No,March 3 2022,10-06-2023,excellent 
CUST1502,F,63,East,52,95031.46,3,1,0,39006.9,0,15-01-2020,Aug 5 2023,Good
CUST1503,Male,60,south ,28,50709.48,2,No,0,45301.55,No,15-01-2020,Aug 5 2023,Good
CUST1504,Female,23,NORTH,29,59753.24,1,0,1,126673.17,0,15-01-2020,Aug 5 2023, poor
CUST1505,M,64,North,11,13665.61,1,No,0,106317.26,0,March 3 2022,Aug 5 2023,excellent 
CUST1506,Male,45,West,33,61295.31,2,Yes,Active,36352.2,0,15-01-2020,Aug 5 2023,Good
CUST1507,F,31,North,59,68258.56,4,0,1,87220.76,No,March 3 2022,10-07-2023,Good
CUST1508,M,57,East,22,45307.59,2,Yes,0,139507.9,0,15-02-2021,Aug 5 2023, poor
CUST1509,M,78,East,12,15168.59,4,1,0,63005.92,1,15-01-2020,Aug 5 2023,Bad
CUST1510,M,40,North,38,12384.02,3,1,Inactive,122319.12,1,March 3 2022,10-06-2023,Bad
CUST1511,M,29,south ,58,31974.46,3,No,Active,108684.59,No,15-01-2020,10-06-2023,Good
CUST1512,M,36,East,25,20685.38,1,No,0,117240.41,0,March 3 2022,Aug 5 2023,Average
CUST1513,Female,48,West,48,12681.26,3,1,Inactive,23599.44,0,15-01-2020,10-06-2023,Average
CUST1514,M,21,south ,38,90444.07,3,No,0,140575.21,0,15-02-2021,10-06-2023, poor
CUST1515,F,48,south ,58,85203.55,4,No,Active,30511.44,0,15-01-2020,10-06-2023,Good
CUST1516,F,57,south ,43,30439.56,1,1,Inactive,87220.76,0,15-01-2020,10-07-2023,excellent 
CUST1517,Female,51,East,44,11005.97,4,1,1,134258.94,0,15-01-2020,10-07-2023,Good
CUST1518,Female,36,East,49,10174.87,4,1,1,118230.75,No,15-01-2020,Aug 5 2023,Good
CUST1519,Female,77,North,23,87096.76,2,No,0,27161.84,No,15-01-2020,10-07-2023,Good
CUST1520,Male,57,East,3,78306.62,3,1,0,28037.55,No,15-01-2020,10-07-2023,excellent 
CUST1521,F,55,North,33,58994.24,1,0,0,24491.08,0,15-01-2020,Aug 5 2023,Average
CUST1522,Male,20,West,20,66113.87,4,1,Active,26756.87,No,15-01-2020,Aug 5 2023,excellent 
CUST1523,Female,65,West,4,57752.46,2,Yes,Active,82181.03,0,15-02-2021,10-06-2023,excellent 
CUST1524,F,70,North,32,9352.81,1,No,1,139626.21,1,March 3 2022,10-06-2023,Bad
CUST1525,Male,22,North,3,52993.5,1,1,1,87220.76,0,15-01-2020,10-07-2023,Average
CUST1526,Female,40,South,55,3877.95,2,No,0,44402.89,No,March 3 2022,Aug 5 2023,excellent 
CUST1527,Female,60,NORTH,13,62362.45,1,1,Active,59829.05,0,15-01-2020,10-06-2023,excellent 
CUST1528,Female,54,East,42,97222.54,4,Yes,Active,26890,No,15-01-2020,10-07-2023,Average
CUST1529,Male,41,NORTH,28,33096.74,1,No,1,106587.99,Yes,15-01-2020,Aug 5 2023,Bad
CUST1530,Male,31,NORTH,6,60535.35,2,Yes,0,87220.76,No,15-01-2020,10-06-2023,Good
CUST1531,Female,36,North,36,70696.08,2,0,Inactive,41606.6,0,15-02-2021,Aug 5 2023,Average
CUST1532,M,43,West,23,98889.99,3,1,0,45700.48,Yes,March 3 2022,10-06-2023, poor
CUST1533,Male,64,south ,11,24000.5,2,Yes,0,38033.85,No,15-01-2020,10-07-2023,Average
CUST1534,Male,64,North,57,29320.76,4,1,0,47442.8,No,15-01-2020,Aug 5 2023,excellent 
CUST1535,Male,73,south ,44,28541.9,1,No,Active,81561.75,0,15-02-2021,10-07-2023, poor
CUST1536,M,29,North,55,47475.24,2,1,1,108671.66,0,15-01-2020,10-07-2023, poor
CUST1537,F,43,south ,30,28616.35,2,Yes,0,137406.22,0,15-01-2020,Aug 5 2023,excellent 
CUST1538,M,77,North,15,13744.56,3,Yes,0,56078.18,0,March 3 2022,Aug 5 2023,Good
CUST1539,Male,39,West,17,3870.76,2,0,Inactive,94782.79,No,15-02-2021,Aug 5 2023,Good
CUST1540,F,43,south ,29,82483.03,2,Yes,Active,53957.06,0,15-01-2020,10-07-2023, poor
CUST1541,F,64,south ,55,24558.45,2,Yes,1,132892.67,0,15-01-2020,10-06-2023,Bad
CUST1542,Male,40,North,22,41159.49,1,1,0,132340.99,0,15-01-2020,10-06-2023, poor
CUST1543,F,30,south ,41,3803.07,3,0,0,69927.39,0,15-01-2020,10-07-2023, poor
CUST1544,Male,48,North,28,94907.47,4,1,Inactive,82623.19,0,15-01-2020,Aug 5 2023,Bad
CUST1545,M,32,South,55,91516.64,2,0,0,71090.34,1,15-01-2020,10-07-2023,Good
CUST1546,Male,56,South,54,52878.23,1,0,Active,134485.96,1,15-02-2021,10-06-2023,Bad
CUST1547,Male,28,NORTH,10,17409.2,2,Yes,Active,139207.95,0,March 3 2022,Aug 5 2023,Average
CUST1548,Female,33,North,3,70147.45,4,Yes,1,83111.86,No,15-02-2021,Aug 5 2023,Average
CUST1549,Male,18,NORTH,13,86192.19,3,No,Active,114145.32,No,March 3 2022,10-06-2023,Average
CUST1550,F,50,South,39,54606.74,2,Yes,0,113984.07,0,15-01-2020,10-06-2023,Good
CUST1551,Male,48,East,41,50004.18,2,1,1,26699.53,No,March 3 2022,Aug 5 2023, poor
CUST1552,Female,71,South,49,93026.83,1,No,0,82315.91,0,15-01-2020,Aug 5 2023, poor
CUST1553,Male,41,south ,51,48676.57,1,Yes,Active,31716.96,0,15-01-2020,Aug 5 2023,excellent 
CUST1554,Female,18,south ,57,30419.71,3,No,1,126538.58,No,15-01-2020,10-07-2023,Bad
CUST1555,Male,31,NORTH,32,76766.89,2,Yes,Active,118441.95,0,15-02-2021,10-06-2023,Good
CUST1556,Male,21,NORTH,6,56995.09,2,No,Active,87220.76,No,15-01-2020,Aug 5 2023, poor
CUST1557,M,70,East,17,54221.15,2,0,Active,52491.02,0,15-02-2021,Aug 5 2023,Good
CUST1558,Male,48,East,29,45973.77,4,0,0,62147.69,No,15-01-2020,Aug 5 2023, poor
CUST1559,Female,73,south ,32,73335.89,4,0,0,44040.3,0,15-01-2020,Aug 5 2023,Good
CUST1560,Male,58,East,6,97241.82,4,No,Inactive,120625.76,No,15-01-2020,Aug 5 2023,Good
CUST1561,Male,61,south ,57,83043.19,2,1,Active,44009.79,0,March 3 2022,10-06-2023,excellent 
CUST1562,Male,58,West,30,6413.3,4,1,0,85140.85,No,15-02-2021,Aug 5 2023,Average
CUST1563,Female,19,South,29,86729.77,2,No,1,91724.87,0,March 3 2022,Aug 5 2023,Average
CUST1564,M,51,south ,32,32583.85,4,No,1,109912.66,No,15-02-2021,10-07-2023,excellent 
CUST1565,F,44,NORTH,32,92394.43,3,No,Inactive,98562.79,No,15-01-2020,10-07-2023,Bad
CUST1566,Male,56,North,49,6656.84,3,1,Active,87220.76,0,15-01-2020,Aug 5 2023,Bad
CUST1567,M,27,West,2,62279.75,2,1,Active,53358.87,1,15-01-2020,Aug 5 2023,Good
CUST1568,F,23,south ,27,65346.94,4,0,1,87220.76,0,15-02-2021,Aug 5 2023, poor
CUST1569,Male,33,NORTH,50,71113.01,2,No,0,124408.06,No,15-01-2020,Aug 5 2023,Average
CUST1570,Female,24,West,22,80521.16,4,0,Active,103535.05,No,15-01-2020,Aug 5 2023,Average
CUST1571,Female,33,North,39,26011.58,3,No,Inactive,129251.37,No,March 3 2022,10-06-2023,Good
CUST1572,F,77,North,17,48676.57,2,No,Inactive,67495.73,0,15-01-2020,10-07-2023, poor
CUST1573,M,70,East,45,37567.7,2,Yes,0,62405.8,0,15-02-2021,10-07-2023, poor
CUST1574,Male,75,South,27,83311.79,1,No,Active,89119.08,No,15-02-2021,Aug 5 2023, poor
CUST1575,Female,56,south ,26,45831.33,4,No,Inactive,70707.56,No,15-02-2021,Aug 5 2023,excellent 
CUST1576,F,48,North,56,98847,4,No,Inactive,115209.98,No,15-01-2020,10-07-2023,Good
CUST1577,M,40,East,30,44864.61,4,1,1,65874.05,0,15-01-2020,10-06-2023, poor
CUST1578,Male,38,East,52,49269.82,1,Yes,Active,87220.76,0,15-02-2021,Aug 5 2023,Good
CUST1579,F,39,south ,24,3139.11,2,Yes,0,124520.65,1,15-02-2021,Aug 5 2023,Good
CUST1580,F,41,East,52,39236.68,2,1,0,43513.75,0,15-01-2020,Aug 5 2023,Good
CUST1581,F,34,East,20,94228.06,1,1,0,44385.86,0,15-01-2020,10-07-2023,Good
CUST1582,Male,78,North,41,60813.81,2,0,Active,105455.28,No,15-02-2021,10-07-2023,excellent 
CUST1583,F,53,West,19,60538.28,1,No,Inactive,49606.11,No,March 3 2022,Aug 5 2023,excellent 
CUST1584,M,65,North,2,90056.43,2,1,0,28506.4,No,March 3 2022,Aug 5 2023,Good
CUST1585,Male,56,West,36,54634.62,2,No,Active,120621.26,0,15-01-2020,Aug 5 2023,Average
CUST1586,F,34,North,47,23766.48,1,1,Active,113979.99,No,15-01-2020,10-07-2023, poor
CUST1587,Female,51,South,37,42674.01,3,Yes,0,90913.04,0,15-01-2020,10-07-2023, poor
CUST1588,Male,59,south ,32,8184.07,3,Yes,Inactive,61333.23,0,15-01-2020,Aug 5 2023,Good
CUST1589,F,60,south ,28,40903.84,3,Yes,Active,43555.06,0,15-01-2020,10-07-2023, poor
CUST1590,F,66,south ,38,88693.81,1,1,0,117060.74,0,15-02-2021,Aug 5 2023,Good
CUST1591,Male,79,West,48,50675.56,3,Yes,0,81437.11,0,March 3 2022,Aug 5 2023,excellent 
CUST1592,Male,41,south ,14,62062.6,2,1,0,87220.76,0,15-01-2020,Aug 5 2023,excellent 
CUST1593,Female,61,North,36,93361.63,4,1,0,29270.51,0,15-01-2020,10-06-2023,Bad
CUST1594,F,55,south ,9,26860.44,2,Yes,Inactive,145417.38,0,15-01-2020,10-07-2023,Average
CUST1595,Male,75,south ,33,98355.61,1,1,1,135698.27,No,15-01-2020,10-07-2023,excellent 
CUST1596,F,64,East,7,89720.02,2,No,1,122153.85,No,15-01-2020,Aug 5 2023,Bad
CUST1597,Male,40,south ,49,16017.35,1,No,Active,128333.84,No,15-02-2021,10-06-2023, poor
CUST1598,Male,59,south ,56,77500.82,2,0,Active,38372.35,0,March 3 2022,Aug 5 2023,Average
CUST1599,Male,51,south ,45,48676.57,4,No,1,149547.18,No,March 3 2022,Aug 5 2023, poor
CUST1600,M,24,south ,52,68963.56,1,0,Active,84301.53,0,March 3 2022,Aug 5 2023,Average
CUST1601,Male,63,East,9,48676.57,3,No,1,114918.47,No,15-01-2020,10-06-2023,excellent 
CUST1602,F,75,East,23,58882.48,2,1,0,87220.76,0,15-02-2021,10-07-2023,Good
CUST1603,F,20,North,29,96685.36,4,1,Inactive,108780.07,0,15-02-2021,Aug 5 2023,Good
CUST1604,Male,35,North,28,70953.72,2,0,Active,123808.85,No,15-02-2021,Aug 5 2023,Bad
CUST1605,F,73,south ,4,48772.52,1,No,0,145886.8,0,March 3 2022,Aug 5 2023,excellent 
CUST1606,Male,50,East,8,8981.3,3,Yes,0,44605.88,Yes,March 3 2022,10-07-2023,excellent 
CUST1607,M,18,NORTH,25,48676.57,2,1,Active,31958.09,No,15-01-2020,Aug 5 2023,Good
CUST1608,Male,66,south ,46,48676.57,1,0,0,83613.81,0,15-01-2020,Aug 5 2023,Average
CUST1609,Male,52,South,19,17862.01,2,1,Active,51584.12,0,15-01-2020,10-06-2023, poor
CUST1610,Male,73,North,50,99213.28,3,1,Inactive,53741.09,No,15-01-2020,10-06-2023,Bad
CUST1611,M,44,South,47,48676.57,2,No,Active,87220.76,0,March 3 2022,Aug 5 2023,Bad
CUST1000,Male,47,South,17,11175.08,2,Yes,Inactive,145054.45,No,March 3 2022,Aug 5 2023,Good
CUST1613,Male,59,South,29,70518.22,2,1,Inactive,120696.95,0,15-01-2020,Aug 5 2023,Good
CUST1614,Female,48,south ,3,53391.95,3,0,1,126083.95,0,March 3 2022,10-06-2023,Good
CUST1615,F,67,West,46,39477.08,2,1,1,93652.55,No,15-02-2021,Aug 5 2023, poor
CUST1616,M,38,south ,3,48403.26,3,No,Active,98941.21,0,15-01-2020,10-07-2023, poor
CUST1617,Male,68,East,26,38032.31,1,1,0,146612.66,Yes,15-02-2021,Aug 5 2023,Good
CUST1618,Male,73,North,29,23021.72,3,Yes,Active,84104.52,0,15-01-2020,10-06-2023,Good
CUST1619,M,26,NORTH,32,8457.92,2,No,Inactive,69281.6,No,15-01-2020,Aug 5 2023,Average
CUST1620,Male,44,NORTH,32,28743.68,1,0,1,147668.3,0,March 3 2022,Aug 5 2023,Average
CUST1621,F,18,south ,47,3303.76,2,No,Active,49724.03,No,15-02-2021,Aug 5 2023,Good
CUST1622,Male,18,East,49,38853.83,3,Yes,0,138676.22,0,15-01-2020,10-06-2023,Good
CUST1623,Male,43,South,57,40408.02,1,1,0,47802.06,0,March 3 2022,10-07-2023,Good
CUST1624,Female,39,East,55,40802.4,1,1,Active,76277.57,No,March 3 2022,10-07-2023,Good
CUST1625,Male,27,West,53,46446.64,2,Yes,Active,30013.07,No,15-02-2021,Aug 5 2023,Bad
CUST1626,M,64,South,22,46583.27,3,Yes,Inactive,56528.9,No,March 3 2022,Aug 5 2023,Bad
CUST1627,Female,67,East,20,99676.16,4,1,Inactive,143963.5,0,15-01-2020,10-06-2023,Average
CUST1628,M,41,NORTH,18,52325.49,2,Yes,0,148461.59,0,15-01-2020,Aug 5 2023,excellent 
CUST1629,F,50,South,20,61442.54,2,1,Inactive,107314.95,0,15-02-2021,Aug 5 2023,Good
CUST1630,Male,21,NORTH,42,14868.58,2,Yes,0,41351.83,No,15-01-2020,10-06-2023,Bad
CUST1631,Female,27,South,47,80329.5,1,No,1,147126.79,0,15-01-2020,10-06-2023,Average
CUST1000,Female,54,East,36,93315.76,2,1,Active,141388.22,0,15-01-2020,Aug 5 2023,Good
CUST1633,Female,27,south ,45,84545.03,1,0,Inactive,71581.11,0,15-01-2020,10-07-2023, poor
CUST1634,Female,52,south ,22,3259.61,3,1,0,34832.65,No,15-01-2020,Aug 5 2023,Good
CUST1635,Female,67,East,52,65491.3,2,0,1,141326.89,No,15-01-2020,10-06-2023, poor
CUST1636,M,57,south ,6,48676.57,1,1,Active,46656.23,No,15-01-2020,10-06-2023,Good
CUST1637,M,69,south ,38,63429.92,3,1,1,99764.15,No,15-01-2020,Aug 5 2023,Average
CUST1638,F,76,south ,35,52390.8,1,0,1,87220.76,0,15-01-2020,10-07-2023, poor
CUST1639,M,40,West,6,95236.37,3,Yes,0,88654,Yes,March 3 2022,10-07-2023,Bad
CUST1640,Male,26,South,12,60634.21,3,Yes,Inactive,87220.76,0,15-02-2021,10-07-2023,Bad
CUST1641,Male,51,East,24,99141.28,1,No,Active,87220.76,No,15-02-2021,Aug 5 2023,Bad
CUST1642,M,45,East,34,12291.39,2,1,Inactive,20546.83,1,15-02-2021,Aug 5 2023,Good
CUST1643,Male,41,south ,44,68205.74,4,No,0,76500.32,0,15-02-2021,10-06-2023,Good
CUST1644,Male,67,South,53,10987.14,2,1,0,108201.4,1,March 3 2022,Aug 5 2023,Bad
CUST1645,F,22,south ,26,92794.2,2,0,0,78271.32,No,15-01-2020,Aug 5 2023,Good
CUST1646,M,33,NORTH,34,67340.38,4,Yes,Active,87220.76,Yes,March 3 2022,Aug 5 2023,excellent 
CUST1647,Female,18,North,17,98188.7,3,1,Inactive,97225.14,0,March 3 2022,10-07-2023,Good
CUST1648,Male,56,North,3,93829.97,2,1,0,73934.61,No,15-01-2020,10-07-2023,excellent 
CUST1649,F,75,West,48,48676.57,1,1,0,84124.84,0,March 3 2022,Aug 5 2023,excellent 
CUST1650,Female,55,south ,7,46157.43,4,0,1,92291.83,0,15-01-2020,Aug 5 2023, poor
CUST1651,Male,40,South,34,48676.57,4,1,1,103630.86,No,15-02-2021,10-06-2023,Good
CUST1652,M,74,East,56,6360.57,4,0,0,87220.76,No,March 3 2022,10-06-2023,Bad
CUST1653,Female,45,south ,15,46462.69,2,0,0,96724.55,No,15-02-2021,Aug 5 2023,Good
CUST1654,M,52,North,20,80997.19,4,1,Active,104194.1,1,March 3 2022,Aug 5 2023,Bad
CUST1655,Male,49,south ,25,77748.82,4,1,0,82286.55,0,March 3 2022,Aug 5 2023,Good
CUST1656,Male,58,NORTH,52,99114.2,2,No,1,60579.99,1,March 3 2022,Aug 5 2023,Good
CUST1657,Male,37,North,32,4011.68,4,No,1,149929.62,No,15-02-2021,10-06-2023,Good
CUST1658,Male,58,South,54,66303.24,2,0,0,68693.25,0,15-01-2020,Aug 5 2023, poor
CUST1659,F,63,North,42,85772.14,1,1,Inactive,90573.18,0,15-01-2020,10-07-2023,Good
CUST1660,Male,65,NORTH,32,76208.4,1,0,0,86823.92,No,March 3 2022,10-06-2023,excellent 
CUST1661,Male,26,East,37,48676.57,1,0,Inactive,84992.85,Yes,15-02-2021,Aug 5 2023,Good
CUST1662,Female,47,south ,41,75541.59,2,No,Active,61906.22,No,March 3 2022,10-06-2023,excellent 
CUST1663,Male,45,South,54,73367.73,4,0,0,101243.05,0,15-02-2021,Aug 5 2023,Average
CUST1664,Male,60,south ,4,45297.59,3,0,0,76348.35,No,March 3 2022,Aug 5 2023,excellent 
CUST1665,Male,36,North,22,29355.3,2,No,Active,91186.62,Yes,15-01-2020,Aug 5 2023,Bad
CUST1666,Male,42,East,11,22791.67,2,1,1,87220.76,1,15-02-2021,10-06-2023,Good
CUST1667,Male,36,south ,32,65335.78,2,1,0,117462.59,0,March 3 2022,Aug 5 2023, poor
CUST1668,Female,48,south ,51,53066.91,3,1,0,40579.91,0,15-01-2020,10-06-2023,Good
CUST1669,F,28,NORTH,56,48676.57,1,Yes,0,59936.4,0,15-01-2020,10-07-2023,Good
CUST1670,Male,47,south ,40,92652.18,1,0,Inactive,136838.99,0,15-01-2020,10-06-2023,Good
CUST1671,F,23,West,53,24369.24,2,1,1,35500.56,0,March 3 2022,Aug 5 2023,Average
CUST1672,Male,25,south ,42,37556.36,2,1,Inactive,73725.52,No,15-01-2020,10-07-2023, poor
CUST1673,F,52,south ,58,20952.21,4,Yes,1,101222.29,0,15-02-2021,Aug 5 2023,Good
CUST1674,Male,34,West,5,48676.57,1,0,0,132302.04,No,15-02-2021,10-07-2023,Good
CUST1675,Male,24,East,44,57730.72,2,0,1,147582.83,0,15-02-2021,10-07-2023,Good
CUST1676,Male,29,East,6,50013.45,2,0,Inactive,124449.6,0,15-02-2021,10-07-2023,Bad
CUST1677,M,29,NORTH,20,9936.78,4,1,1,25593.33,No,March 3 2022,10-07-2023,Good
CUST1678,Male,79,south ,51,48676.57,2,1,0,129139.29,0,15-01-2020,10-07-2023,Bad
CUST1679,F,44,NORTH,23,44606.69,2,1,Active,87940.96,0,15-01-2020,Aug 5 2023, poor
CUST1680,Male,52,south ,34,45824.26,1,1,0,100857.15,0,15-02-2021,Aug 5 2023,Good
CUST1681,F,79,West,24,998.42,1,1,1,101326.37,Yes,15-01-2020,10-07-2023,Average
CUST1682,Male,20,North,37,65378.57,3,Yes,Active,142518.27,No,15-02-2021,Aug 5 2023, poor
CUST1683,F,37,south ,14,48676.57,1,1,Active,89039.32,No,March 3 2022,Aug 5 2023,Good
CUST1684,Female,69,West,33,24136.84,3,1,1,23157.87,0,15-01-2020,10-07-2023,Bad
CUST1685,M,42,North,59,14235.75,2,No,Inactive,90680.25,No,March 3 2022,Aug 5 2023,Good
CUST1686,Female,38,West,57,77573.39,2,0,0,77790.78,No,March 3 2022,10-07-2023,Bad
CUST1687,F,35,West,55,20229.57,4,1,Active,134979.66,No,15-01-2020,10-07-2023,Good
CUST1688,Male,24,south ,47,48676.57,2,No,0,87220.76,0,15-01-2020,Aug 5 2023,Good
CUST1689,Male,37,south ,21,51699.03,2,No,Active,138751.72,No,15-01-2020,10-07-2023,Good
CUST1690,Female,38,NORTH,23,88623.09,2,0,Active,38217.67,0,March 3 2022,10-06-2023,Bad
CUST1691,Male,49,East,30,4533.99,2,1,1,72381.93,0,15-01-2020,Aug 5 2023,Bad
CUST1692,Male,18,South,9,22163.21,3,Yes,0,28470.71,0,15-02-2021,10-06-2023,Good
CUST1693,Male,55,South,36,86857.8,1,1,1,91136.1,0,15-02-2021,Aug 5 2023,Good
CUST1694,F,34,West,47,70772.67,3,0,Active,130115.74,0,March 3 2022,Aug 5 2023,Average
CUST1695,F,53,NORTH,34,46407.47,2,0,Inactive,29895.84,No,15-01-2020,10-07-2023,Good
CUST1696,Female,57,south ,25,70140.38,2,No,Inactive,44962.24,No,March 3 2022,Aug 5 2023,Good
CUST1697,F,78,South,24,14635.74,3,0,0,116557.81,No,15-02-2021,10-06-2023,excellent 
CUST1698,Male,68,south ,59,21961.89,2,No,0,81198.83,0,15-01-2020,10-06-2023,Bad
CUST1699,M,72,south ,29,59732.44,2,Yes,1,135392.64,No,15-01-2020,Aug 5 2023,excellent 
CUST1700,Male,79,North,25,17796.61,2,Yes,0,118042.42,0,15-02-2021,Aug 5 2023,Good
CUST1701,Male,63,East,37,69016.51,2,No,1,87220.76,0,15-01-2020,10-07-2023,Bad
CUST1702,F,28,NORTH,15,48676.57,3,1,1,77071.87,0,15-01-2020,10-07-2023,Average
CUST1703,M,44,East,1,27901.58,2,1,0,144165.21,No,15-02-2021,10-06-2023,Bad
CUST1704,M,38,south ,33,73591.1,2,1,0,87220.76,No,15-01-2020,Aug 5 2023,excellent 
CUST1705,F,65,south ,46,58351.69,3,1,1,48098.98,1,March 3 2022,Aug 5 2023,Good
CUST1706,Male,26,south ,29,43362.67,2,0,Active,45170.45,No,15-01-2020,Aug 5 2023,Bad
CUST1707,F,27,West,7,53620.95,4,0,Inactive,68994.36,0,March 3 2022,10-07-2023,Good
CUST1708,Female,60,south ,28,61774.56,4,Yes,Active,132615.57,No,15-02-2021,10-06-2023,Good
CUST1709,M,32,south ,26,12533.11,4,No,0,87220.76,No,15-01-2020,Aug 5 2023,Bad
CUST1710,Male,73,NORTH,44,69352.9,4,No,0,39292.85,No,March 3 2022,10-06-2023,Good
CUST1711,M,61,NORTH,10,27623.12,1,0,Inactive,91803.31,No,March 3 2022,10-07-2023,Good
CUST1712,Female,69,South,7,36431.13,4,1,1,59561.03,1,15-01-2020,10-06-2023,Average
CUST1713,Male,34,North,6,52161.5,3,1,0,99267.36,0,March 3 2022,Aug 5 2023, poor
CUST1714,M,68,West,45,10223.36,2,1,0,126473.84,No,15-02-2021,Aug 5 2023,excellent 
CUST1715,Male,28,North,41,65925.86,2,No,1,101877.7,0,15-01-2020,10-07-2023,Bad
CUST1716,Female,41,East,20,90289.48,3,Yes,Active,78930.05,0,15-01-2020,10-06-2023, poor
CUST1717,F,48,south ,27,49297.99,4,No,1,83138.58,0,15-01-2020,10-07-2023, poor
CUST1718,Male,69,East,31,29380.33,1,Yes,1,24544.32,0,15-01-2020,Aug 5 2023,Good
CUST1719,Male,18,West,18,28676.6,2,No,Active,24376.27,0,15-01-2020,10-06-2023,Good
CUST1720,Female,71,West,31,49912.76,1,0,0,136081.26,No,15-01-2020,Aug 5 2023,excellent 
CUST1721,M,35,south ,10,27540.27,2,No,Inactive,106591.4,0,15-01-2020,10-07-2023,Good
CUST1722,M,50,south ,26,48676.57,2,1,Inactive,134515.26,No,15-01-2020,10-06-2023,Average
CUST1723,Male,49,West,25,19903.02,3,1,0,87220.76,0,March 3 2022,Aug 5 2023,Bad
CUST1724,Male,76,South,5,48676.57,1,1,0,103367.75,No,March 3 2022,Aug 5 2023,Good
CUST1725,Male,38,West,11,72349.79,2,1,0,94256.78,0,15-01-2020,10-07-2023,excellent 
CUST1726,Female,74,North,51,44893.9,4,Yes,Active,87220.76,0,March 3 2022,Aug 5 2023,Good
CUST1727,Female,61,south ,19,26790.75,3,No,Active,105645.4,No,15-01-2020,10-06-2023,Bad
CUST1728,Male,37,south ,11,48676.57,2,1,1,108893.5,1,March 3 2022,Aug 5 2023,Average
CUST1729,F,71,south ,52,71226.49,3,1,Inactive,144882.33,0,15-01-2020,10-06-2023, poor
CUST1730,M,76,south ,24,42999.56,2,No,Active,98465.64,0,15-02-2021,Aug 5 2023, poor
CUST1731,F,27,East,23,57076.39,2,1,Active,71956.42,No,15-01-2020,Aug 5 2023,Average
CUST1732,Male,20,south ,38,65381.06,1,0,1,86446.42,0,15-02-2021,Aug 5 2023,Good
CUST1733,Female,58,East,39,33754.5,1,Yes,1,101570.79,No,15-01-2020,Aug 5 2023,excellent 
CUST1734,Female,31,South,25,7455.79,2,1,Active,107025.01,No,15-02-2021,Aug 5 2023,excellent 
CUST1735,Male,68,South,3,44976.65,1,No,0,43453.42,No,15-02-2021,10-07-2023, poor
CUST1736,M,76,south ,27,13592.83,3,0,0,39443.13,No,15-01-2020,10-07-2023,Good
CUST1737,F,72,West,27,5494.07,3,Yes,Active,104323.46,0,15-02-2021,10-06-2023,excellent 
CUST1738,Male,37,south ,23,93292.94,3,Yes,0,55658.89,0,15-01-2020,Aug 5 2023,Good
CUST1739,Male,47,NORTH,50,92324.35,2,1,1,124896.19,Yes,15-01-2020,Aug 5 2023,Good
CUST1740,Male,79,East,42,63318.84,4,1,1,87220.76,0,15-01-2020,Aug 5 2023,Good
CUST1741,Male,52,south ,10,35720.2,4,No,0,52037.04,No,15-01-2020,Aug 5 2023,Average
CUST1742,M,57,south ,20,34236.71,1,1,1,78214.79,0,15-01-2020,10-07-2023,Good
CUST1743,Male,79,South,30,31805.98,2,0,1,137534.14,0,15-01-2020,10-06-2023,excellent 
CUST1744,M,74,South,29,5618.65,2,No,Inactive,23432.01,No,15-02-2021,10-07-2023,excellent 
CUST1745,Male,24,East,24,16212.11,1,No,0,143309.44,No,15-02-2021,10-07-2023,excellent 
CUST1746,F,22,NORTH,44,48676.57,3,0,0,53592.74,0,March 3 2022,Aug 5 2023,Good
CUST1747,M,61,North,12,24181.51,2,Yes,Active,72502.23,No,15-02-2021,Aug 5 2023,Good
CUST1748,Female,26,East,10,55979.75,2,1,Inactive,67583.01,No,15-01-2020,Aug 5 2023,Bad
CUST1749,M,51,south ,37,81918.59,1,1,Inactive,32313.2,0,15-02-2021,Aug 5 2023,excellent 
CUST1750,Male,21,North,19,44522.73,2,Yes,Active,122207.34,0,15-02-2021,Aug 5 2023,Average
CUST1751,F,36,south ,22,21958.19,2,0,0,87220.76,No,March 3 2022,Aug 5 2023,Bad
CUST1752,Male,79,south ,42,52957.63,4,1,1,59919.75,No,March 3 2022,10-07-2023,Bad
CUST1753,Male,27,West,34,9532.27,2,Yes,0,87220.76,0,15-02-2021,10-07-2023,Good
CUST1754,Female,74,North,10,75553.07,1,Yes,Inactive,49214.62,0,15-02-2021,10-06-2023,Good
CUST1755,Male,41,NORTH,32,47733.89,2,No,Active,70051.76,0,March 3 2022,Aug 5 2023,Good
CUST1756,Male,52,West,44,15672.17,1,No,0,136728.11,0,15-02-2021,Aug 5 2023, poor
CUST1757,F,68,NORTH,48,51588.24,4,1,Inactive,99040.12,No,15-01-2020,Aug 5 2023,Good
CUST1758,M,42,south ,18,25994.46,1,1,Active,121665.79,No,March 3 2022,Aug 5 2023,Good
CUST1759,F,59,East,50,59656.75,3,No,0,125898.98,Yes,15-01-2020,10-06-2023,Average
CUST1760,M,42,East,8,53527.1,2,1,Inactive,125833.32,No,15-02-2021,10-07-2023, poor
CUST1761,Female,27,East,41,82843.55,2,0,0,70052.78,0,15-01-2020,10-06-2023,Good
CUST1762,Female,24,East,19,65501.78,2,Yes,0,126017.06,0,15-01-2020,Aug 5 2023, poor
CUST1763,M,38,south ,53,19182.02,3,Yes,1,145980.93,0,15-02-2021,10-06-2023,Average
CUST1764,Male,72,south ,41,30109.29,2,0,Active,78363.03,0,March 3 2022,10-07-2023,Good
CUST1765,F,33,North,21,73303.36,2,0,Inactive,68370.39,No,15-01-2020,Aug 5 2023, poor
CUST1766,Male,42,East,34,84561.01,3,Yes,Inactive,100200.33,0,15-02-2021,10-07-2023,Good
CUST1767,M,46,south ,53,19504.03,3,1,0,20937.38,1,15-01-2020,Aug 5 2023,Good
CUST1768,M,47,South,48,3979.71,1,0,Inactive,146844.54,0,15-01-2020,Aug 5 2023,Average
CUST1769,F,54,south ,25,5408.45,1,1,0,110918.71,No,15-01-2020,Aug 5 2023, poor
CUST1770,M,51,West,30,48676.57,4,No,Active,21789.53,0,15-01-2020,10-06-2023,Good
CUST1771,Female,67,south ,34,8253.67,4,1,Inactive,100215.64,0,15-01-2020,10-06-2023, poor
CUST1772,Male,53,South,10,96662.77,2,0,Active,95137.5,0,15-01-2020,Aug 5 2023, poor
CUST1773,Male,27,East,40,20341.19,4,1,1,125552.66,0,15-01-2020,Aug 5 2023,Good
CUST1774,Female,73,North,39,34887.58,2,1,1,87220.76,0,March 3 2022,Aug 5 2023, poor
CUST1775,Female,42,North,4,225.3,3,Yes,1,79026.17,0,March 3 2022,10-07-2023,Average
CUST1776,Male,72,south ,47,14781.78,2,1,Active,111694.63,1,March 3 2022,Aug 5 2023,Average
CUST1777,Female,69,south ,22,22442.12,4,0,Inactive,30943.17,0,15-01-2020,Aug 5 2023,Average
CUST1778,F,62,East,22,33244.28,2,Yes,Inactive,128436.83,No,15-01-2020,10-06-2023, poor
CUST1779,Female,20,NORTH,38,48676.57,2,Yes,0,77131.74,No,March 3 2022,Aug 5 2023,Bad
CUST1780,M,60,West,19,86767.73,3,No,Active,121719.59,No,15-01-2020,Aug 5 2023, poor
CUST1781,Male,66,South,25,45244.68,2,0,Active,38981.3,No,March 3 2022,10-06-2023,excellent 
CUST1782,Male,71,East,37,81225.97,2,1,0,33850.91,0,15-01-2020,Aug 5 2023, poor
CUST1783,Female,31,south ,6,29882.13,2,1,0,121722.46,No,15-02-2021,Aug 5 2023,Good
CUST1784,M,66,south ,5,28843.75,2,Yes,0,105786.13,0,March 3 2022,10-06-2023,Average
CUST1785,M,65,North,24,16796.48,4,1,Active,122408.02,0,15-01-2020,10-06-2023, poor
CUST1786,Male,28,South,8,59813.18,2,No,0,125021.5,No,15-02-2021,10-06-2023, poor
CUST1787,Female,18,West,26,8121.37,2,1,0,61895.85,No,15-01-2020,10-07-2023,Good
CUST1788,Male,55,south ,46,48676.57,2,Yes,Active,63328.98,0,15-02-2021,Aug 5 2023,Average
CUST1789,Female,58,South,15,14447.03,4,1,Inactive,149756.19,No,15-01-2020,10-07-2023,Average
CUST1790,Male,41,East,5,30816.43,2,No,Inactive,41047.44,No,March 3 2022,Aug 5 2023,Bad
CUST1791,Female,20,NORTH,9,91919.03,4,No,0,86717.08,0,March 3 2022,10-06-2023,Average
CUST1792,Male,52,NORTH,36,78998.74,2,Yes,Inactive,87220.76,0,15-01-2020,10-07-2023,Good
CUST1793,F,28,West,28,43138.84,3,1,0,54108.14,0,15-01-2020,10-06-2023,Good
CUST1794,Male,61,south ,43,77095.17,3,1,0,27243.13,0,March 3 2022,Aug 5 2023,Good
CUST1795,Male,48,South,57,63849.18,3,0,0,74895.53,Yes,March 3 2022,Aug 5 2023,Bad
CUST1796,F,18,North,49,15705.38,3,No,0,116614.98,0,15-01-2020,10-06-2023,Good
CUST1797,Male,18,South,4,74922.54,4,1,Inactive,48628.86,0,15-02-2021,10-07-2023,Good
CUST1798,F,32,South,50,67506.74,1,No,Inactive,147112.98,No,March 3 2022,Aug 5 2023,excellent 
CUST1799,Male,70,south ,19,65232.19,4,0,1,132587.91,No,15-01-2020,10-07-2023,Good
CUST1800,Female,38,West,32,80812.51,1,1,Active,30116.49,0,15-01-2020,Aug 5 2023, poor
CUST1801,M,22,North,36,70012.4,3,0,Inactive,87220.76,0,15-01-2020,10-07-2023,excellent 
CUST1802,M,45,South,41,23921.76,1,No,Active,149447.2,No,15-01-2020,10-07-2023,excellent 
CUST1803,Female,33,North,27,48676.57,4,0,Inactive,61030.74,0,15-02-2021,Aug 5 2023,Average
CUST1804,Female,78,south ,16,23947.14,4,No,Inactive,67131.98,0,15-01-2020,Aug 5 2023,Average
CUST1805,Female,21,South,21,89248.55,4,Yes,1,59271.05,0,March 3 2022,10-07-2023,Good
CUST1806,F,63,south ,32,37063.63,3,Yes,0,118754.23,Yes,15-01-2020,10-07-2023, poor
CUST1807,Male,68,North,36,42333.94,1,No,Inactive,59608.95,No,15-02-2021,10-06-2023,excellent 
CUST1808,M,42,NORTH,48,33550.04,2,0,0,87220.76,0,15-01-2020,10-06-2023, poor
CUST1809,Male,68,south ,1,85142.38,4,1,Active,45473.23,0,15-01-2020,Aug 5 2023,Good
CUST1810,M,47,East,50,4145.42,2,1,Active,95964.23,No,15-01-2020,10-07-2023,Good
CUST1811,M,75,south ,40,68342.81,4,No,0,124307.11,0,15-01-2020,Aug 5 2023,Good
CUST1812,Male,23,South,52,48676.57,3,0,0,148151.47,No,15-02-2021,10-07-2023,Good
CUST1813,Female,56,South,16,53715.3,2,1,Active,112605.16,No,15-02-2021,10-06-2023,Good
CUST1814,Male,52,North,21,17616.55,3,1,1,29060,0,March 3 2022,Aug 5 2023,Good
CUST1815,M,47,West,11,48676.57,1,Yes,0,104740.01,No,15-01-2020,10-07-2023,Good
CUST1816,M,48,NORTH,15,59171.64,3,1,0,137773.27,0,15-02-2021,Aug 5 2023, poor
CUST1817,M,32,south ,7,83783.54,4,0,0,137832.41,0,March 3 2022,10-06-2023,Good
CUST1818,Male,62,West,55,95289.09,2,1,0,141942.04,Yes,15-02-2021,10-07-2023, poor
CUST1819,M,18,South,38,99998.68,3,1,Active,103978.19,0,15-01-2020,Aug 5 2023,Bad
CUST1820,Male,78,South,8,34789.67,4,1,Active,88097.95,0,15-01-2020,10-07-2023,Good
CUST1821,Male,22,south ,43,39289.65,3,0,0,52885.71,No,March 3 2022,Aug 5 2023,Average
CUST1822,M,21,West,30,36079.17,3,0,0,110757.43,No,March 3 2022,Aug 5 2023,excellent 
CUST1823,Male,49,West,29,60016.78,3,1,Active,89804.76,0,15-01-2020,Aug 5 2023,excellent 
CUST1824,Male,37,East,55,68557.57,3,0,0,87220.76,0,15-01-2020,10-06-2023,Good
CUST1825,M,50,West,42,34470.77,2,1,Inactive,31935.13,0,15-02-2021,Aug 5 2023,Good
CUST1826,Female,41,North,39,24205.6,2,0,0,133374.06,No,March 3 2022,10-07-2023,Good
CUST1827,M,61,south ,8,48676.57,4,No,1,146984.33,No,15-01-2020,10-06-2023,excellent 
CUST1828,F,46,NORTH,4,74271.56,4,1,0,47068.59,No,15-01-2020,Aug 5 2023,excellent 
CUST1829,M,34,NORTH,46,73798.36,1,0,Active,87220.76,0,15-02-2021,Aug 5 2023,Average
CUST1830,Male,57,North,26,48676.57,3,1,0,61910.42,0,15-02-2021,Aug 5 2023,Good
CUST1831,Male,71,south ,30,52541.01,2,1,0,63292.43,1,15-01-2020,Aug 5 2023,Good
CUST1832,Male,37,NORTH,46,48676.57,1,0,Active,76030.73,Yes,15-01-2020,10-06-2023,Bad
CUST1833,F,30,South,38,48676.57,3,No,1,71252.76,0,March 3 2022,Aug 5 2023,Good
CUST1834,Male,31,south ,42,91170.52,3,1,Active,34028.92,0,15-01-2020,Aug 5 2023,excellent 
CUST1835,F,32,South,56,81864.24,2,Yes,Active,98151.04,0,15-02-2021,Aug 5 2023,Good
CUST1836,F,24,NORTH,18,3259.62,2,1,Active,135491.06,No,15-01-2020,Aug 5 2023,Average
CUST1837,F,74,North,47,37511.98,2,Yes,0,139817.51,0,15-01-2020,10-07-2023,Average
CUST1838,M,67,south ,7,71993.78,2,0,1,144705.55,No,15-01-2020,Aug 5 2023,Good
CUST1839,Male,71,south ,56,77537.5,3,0,Inactive,112055.73,0,March 3 2022,10-06-2023,Good
CUST1840,Male,42,south ,3,42665.85,4,1,Inactive,87220.76,0,March 3 2022,10-07-2023,excellent 
CUST1841,Male,72,NORTH,48,57468.98,1,Yes,1,139220.51,0,15-01-2020,10-06-2023,Bad
CUST1842,M,52,East,19,76524.94,4,1,Active,66488.28,0,15-01-2020,10-07-2023,Good
CUST1843,F,76,south ,45,4549.1,2,No,0,66272.45,0,15-01-2020,10-07-2023,Good
CUST1844,Female,69,South,48,66064.42,2,0,Active,102839.27,0,15-02-2021,Aug 5 2023,Average
CUST1845,Female,19,North,46,8913.9,4,1,Inactive,80347.14,1,March 3 2022,Aug 5 2023,Bad
CUST1846,Male,55,NORTH,7,49805.32,2,No,0,117514.93,0,15-01-2020,Aug 5 2023,Bad
CUST1847,F,43,south ,47,64706.88,4,1,0,88931.03,1,March 3 2022,10-07-2023,Good
CUST1848,Male,24,south ,57,11475.88,4,0,1,98001.06,1,15-01-2020,10-06-2023, poor
CUST1849,Female,73,NORTH,59,35751.68,2,1,Active,111218.56,0,15-01-2020,10-06-2023,Bad
CUST1850,Male,61,North,1,52137.25,4,No,Inactive,58296.09,No,March 3 2022,10-06-2023,Good
CUST1851,Male,63,West,10,51480.46,2,1,0,92389.15,1,15-02-2021,Aug 5 2023, poor
CUST1852,Male,49,East,40,77305.73,3,Yes,Active,120862.05,No,15-01-2020,10-07-2023,Good
CUST1853,Female,34,south ,48,23119.19,2,Yes,0,87220.76,No,15-02-2021,Aug 5 2023, poor
CUST1854,Male,42,North,50,68103.23,4,Yes,1,77110.18,0,15-01-2020,10-06-2023,Bad
CUST1855,Male,59,NORTH,1,46043.94,3,1,1,129847.81,0,15-02-2021,Aug 5 2023,excellent 
CUST1856,F,67,south ,46,67067.18,2,0,0,66411.33,0,March 3 2022,10-06-2023, poor
CUST1857,M,18,East,12,45579.59,3,1,Inactive,35356.62,No,15-01-2020,10-06-2023,excellent 
CUST1858,Female,45,North,13,86780.04,3,0,Inactive,120339.35,0,15-01-2020,10-06-2023,excellent 
CUST1859,Male,60,south ,2,53835.33,3,1,Active,101044.11,0,15-01-2020,Aug 5 2023,Good
CUST1860,Male,64,south ,21,62682.49,2,1,0,37565.8,1,March 3 2022,10-07-2023,Bad
CUST1861,Female,66,NORTH,36,51724.66,2,1,0,115010.12,0,15-01-2020,10-06-2023,Average
CUST1862,M,48,south ,40,41386.05,4,0,1,24726.44,0,15-02-2021,10-06-2023,Bad
CUST1863,Male,31,West,12,25607.94,2,No,0,26104.23,0,March 3 2022,Aug 5 2023,Good
CUST1864,M,49,West,4,14931.11,1,No,Active,148179.38,Yes,15-01-2020,Aug 5 2023,excellent 
CUST1865,M,78,West,58,33031.96,1,Yes,Inactive,128705.64,No,15-01-2020,Aug 5 2023, poor
CUST1866,M,49,south ,2,79727.62,3,Yes,0,129083.76,0,15-01-2020,10-06-2023,Good
CUST1867,M,75,North,13,4722.7,2,No,Inactive,32829.3,0,15-01-2020,Aug 5 2023,Bad
CUST1868,Male,46,West,21,81533.97,2,1,1,39458.73,0,15-01-2020,10-06-2023,Good
CUST1869,Female,50,south ,20,41722.26,1,0,1,87220.76,0,15-01-2020,Aug 5 2023,Good
CUST1870,Male,67,North,53,1619.43,3,0,Inactive,87220.76,0,15-01-2020,10-07-2023,Bad
CUST1871,M,66,South,12,26140.71,1,1,0,95550.73,No,15-01-2020,10-06-2023,Average
CUST1872,F,71,south ,18,48676.57,1,1,Inactive,104252.75,No,15-01-2020,Aug 5 2023, poor
CUST1873,Female,52,south ,19,94924.71,1,0,Active,102972.05,0,15-02-2021,10-07-2023, poor
CUST1874,Male,62,North,27,18412.16,2,No,Active,76866.8,0,15-02-2021,10-07-2023,excellent 
CUST1875,Male,58,south ,11,13979.35,4,Yes,0,32261.77,0,March 3 2022,Aug 5 2023,Good
CUST1876,Female,37,south ,9,23330.1,3,1,0,104615.01,No,March 3 2022,Aug 5 2023,Bad
CUST1877,Male,50,NORTH,6,31124.91,2,1,1,23464.81,0,15-02-2021,Aug 5 2023,Average
CUST1878,Male,35,West,12,35668.85,1,Yes,Inactive,36235.13,No,15-01-2020,10-06-2023,Good
CUST1879,F,55,North,45,85954.18,2,Yes,Active,125443.09,0,15-01-2020,Aug 5 2023,Average
CUST1880,Male,28,East,31,78718.28,4,No,1,83909.89,0,15-01-2020,Aug 5 2023,Good
CUST1881,Male,25,NORTH,25,76327.6,1,No,1,28159.43,No,15-01-2020,Aug 5 2023,Good
CUST1882,M,31,South,55,61435.9,4,0,0,88129.74,0,15-02-2021,10-06-2023,excellent 
CUST1883,M,27,NORTH,59,2591.63,1,1,0,87220.76,No,March 3 2022,Aug 5 2023,Average
CUST1884,Male,77,south ,58,3011.63,4,1,0,34420.78,0,March 3 2022,10-06-2023,Bad
CUST1885,Male,67,NORTH,47,7663.9,1,1,Active,35609.62,0,March 3 2022,10-07-2023,Average
CUST1886,M,62,South,15,19529.16,4,Yes,1,87220.76,No,March 3 2022,Aug 5 2023, poor
CUST1887,F,50,South,13,57355.95,4,1,1,128061.91,No,15-01-2020,Aug 5 2023,Good
CUST1888,Male,35,NORTH,38,52549.51,1,1,Active,87220.76,0,15-01-2020,Aug 5 2023,Good
CUST1889,Male,66,North,47,48676.57,2,No,Inactive,24016.75,0,15-01-2020,Aug 5 2023,Bad
CUST1890,Male,37,NORTH,34,4781.93,2,1,1,120247.16,Yes,March 3 2022,Aug 5 2023,Good
CUST1891,Male,45,south ,28,42480.7,4,1,Inactive,100072.89,No,15-02-2021,Aug 5 2023,Bad
CUST1892,M,63,East,53,93923.56,4,1,Active,29279.35,1,15-01-2020,Aug 5 2023,Average
CUST1893,F,74,South,39,82815.2,4,Yes,1,134527.28,0,15-01-2020,10-07-2023, poor
CUST1894,Male,51,south ,52,6810.75,3,0,Inactive,46617.57,No,15-01-2020,Aug 5 2023,Good
CUST1895,M,74,West,12,48676.57,4,No,0,87220.76,No,15-01-2020,10-06-2023, poor
CUST1896,Female,69,NORTH,54,49627.52,2,Yes,Inactive,79334.9,1,15-01-2020,Aug 5 2023,Bad
CUST1897,F,64,south ,21,65053.71,3,1,0,81059.21,0,15-01-2020,Aug 5 2023,Good
CUST1898,Female,28,North,44,3848.13,4,No,1,40820.54,0,15-01-2020,10-06-2023,Good
CUST1899,M,75,south ,27,19069.68,2,Yes,0,30177.41,0,March 3 2022,Aug 5 2023, poor
CUST1900,Male,74,NORTH,26,30015.78,3,No,0,108128.44,0,March 3 2022,Aug 5 2023,Bad
CUST1901,Female,41,North,22,48676.57,2,No,Active,87220.76,Yes,15-02-2021,10-06-2023,excellent 
CUST1902,M,74,NORTH,20,94066.07,3,1,Inactive,66942.7,1,March 3 2022,Aug 5 2023, poor
CUST1903,M,58,south ,35,79745.15,2,0,0,97121.07,0,15-01-2020,Aug 5 2023,Good
CUST1904,F,52,East,12,85924.7,1,0,Inactive,61866.96,0,March 3 2022,10-07-2023,Good
CUST1905,F,41,South,11,80600.75,2,1,Inactive,87220.76,No,15-01-2020,10-07-2023, poor
CUST1906,Male,69,south ,34,36215.9,3,1,0,77750.52,0,15-02-2021,10-06-2023,Average
CUST1907,Male,71,East,47,54757.06,2,1,0,60828.56,0,15-01-2020,10-07-2023,excellent 
CUST1908,Female,21,West,44,43768.39,4,1,Inactive,71509.16,No,15-01-2020,Aug 5 2023,Good
CUST1909,Male,68,south ,52,62236.01,3,No,0,133539.75,No,March 3 2022,10-06-2023,Good
CUST1910,Male,54,West,16,3785.71,4,Yes,Active,131305.15,0,15-02-2021,10-07-2023,Average
CUST1911,Male,47,south ,7,88340.05,2,Yes,1,49209.26,0,March 3 2022,Aug 5 2023,Good
CUST1912,M,29,south ,6,8811.87,2,1,0,87220.76,0,March 3 2022,10-06-2023,Good
CUST1913,Female,43,North,2,48936.32,2,0,0,140944.05,No,15-01-2020,10-07-2023,excellent 
CUST1914,Female,48,NORTH,57,56697.54,1,No,0,82811.96,No,March 3 2022,10-07-2023,excellent 
CUST1915,M,24,North,49,12125.57,4,1,0,68555.97,No,15-02-2021,10-07-2023,Good
CUST1916,Female,60,South,13,60950.59,2,1,0,139640.56,0,15-02-2021,Aug 5 2023, poor
CUST1917,M,48,East,55,25097.26,2,0,0,30586.62,No,15-01-2020,10-06-2023,excellent 
CUST1918,Male,27,East,11,21546.75,3,No,1,32146.45,0,15-02-2021,10-06-2023,Bad
CUST1919,F,41,East,51,22728.91,2,0,Inactive,87220.76,No,March 3 2022,Aug 5 2023,Bad
CUST1920,M,26,North,42,45399.68,1,1,Inactive,103924.01,0,15-02-2021,Aug 5 2023,Bad
CUST1921,Female,48,West,18,46186.63,2,Yes,0,43902.52,0,15-01-2020,Aug 5 2023,Good
CUST1922,M,58,South,22,71571.53,3,1,Active,146969.27,No,15-02-2021,10-06-2023,Good
CUST1923,F,70,East,7,25527.56,3,1,Active,75080.37,No,15-01-2020,Aug 5 2023,excellent 
CUST1924,Male,39,NORTH,48,48676.57,4,Yes,0,33599.89,No,15-02-2021,Aug 5 2023,Good
CUST1925,Female,19,East,21,67799.82,2,Yes,Inactive,48604.79,No,15-02-2021,10-07-2023,Good
CUST1926,Male,72,West,36,4521.38,2,No,0,114757.41,0,March 3 2022,10-06-2023,Bad
CUST1927,M,62,South,2,16777.72,2,0,0,132224.33,0,15-02-2021,Aug 5 2023,Average
CUST1928,Male,18,East,41,84439.26,1,0,1,80607.61,0,March 3 2022,10-06-2023,Good
CUST1929,M,69,south ,54,66735.96,2,1,0,122404.07,0,15-02-2021,Aug 5 2023,Good
CUST1930,F,49,West,58,99251.51,2,No,0,85438.08,No,March 3 2022,Aug 5 2023,Good
CUST1931,Male,76,North,1,58686.01,2,Yes,Inactive,73459.15,0,15-02-2021,Aug 5 2023,excellent 
CUST1932,F,29,south ,37,11342.12,4,0,0,22429.5,Yes,15-01-2020,Aug 5 2023, poor
CUST1933,Male,27,North,26,1552.33,2,Yes,0,91869.8,No,15-01-2020,10-07-2023,Average
CUST1934,M,27,south ,14,11985.4,2,No,Active,63907.25,0,March 3 2022,10-07-2023,excellent 
CUST1935,M,27,south ,30,71461.88,2,No,0,55508.28,0,15-01-2020,Aug 5 2023, poor
CUST1936,F,48,East,44,26426.59,2,1,0,75635.84,0,March 3 2022,Aug 5 2023,Good
CUST1937,Female,47,West,22,22848,3,1,0,87220.76,0,15-01-2020,10-07-2023,Good
CUST1938,Male,57,south ,7,95679.28,2,No,0,81943.18,0,15-01-2020,10-07-2023, poor
CUST1939,F,22,south ,50,11258.31,3,Yes,0,88955.65,0,15-02-2021,Aug 5 2023,excellent 
CUST1940,Male,38,North,17,50735.88,4,1,1,63947.64,0,15-02-2021,Aug 5 2023,Good
CUST1941,Male,73,North,17,48676.57,3,0,0,43676.15,0,March 3 2022,Aug 5 2023,excellent 
CUST1942,M,44,NORTH,29,53146.55,1,0,0,61983.82,0,15-02-2021,Aug 5 2023,Bad
CUST1943,Male,51,south ,45,40721.61,1,1,0,66616.54,No,15-01-2020,Aug 5 2023,excellent 
CUST1944,Female,56,south ,27,48676.57,1,0,Active,109165.59,No,March 3 2022,Aug 5 2023,Good
CUST1945,M,42,south ,52,82952.39,3,No,Inactive,87800.92,1,15-01-2020,Aug 5 2023,Good
CUST1946,Male,19,North,34,96505.33,4,No,Active,76311.4,No,15-01-2020,10-06-2023,excellent 
CUST1947,Male,38,South,8,78504.97,2,1,Inactive,87220.76,0,15-01-2020,10-07-2023,Average
CUST1948,Male,25,East,38,48676.57,3,Yes,1,117782.67,No,15-01-2020,Aug 5 2023,Average
CUST1949,Male,61,south ,50,48676.57,1,No,1,57595.6,No,15-01-2020,Aug 5 2023,Bad
CUST1950,Male,57,south ,47,92000.36,4,Yes,0,87579.74,0,March 3 2022,10-07-2023, poor
CUST1951,Female,77,south ,49,59691.5,2,Yes,Active,95219.28,No,15-01-2020,Aug 5 2023,excellent 
CUST1952,Male,70,South,44,92123.56,4,No,Active,91667.04,0,15-02-2021,Aug 5 2023,Good
CUST1953,Male,74,NORTH,23,48676.57,2,1,Active,69533.32,No,15-01-2020,10-06-2023,Good
CUST1954,M,20,NORTH,23,73414.89,2,No,0,67423.51,Yes,March 3 2022,Aug 5 2023,Average
CUST1955,Male,75,West,8,23714.72,4,1,1,22521.21,0,March 3 2022,Aug 5 2023,Bad
CUST1956,Male,68,NORTH,3,27069.89,3,1,1,35106.31,0,March 3 2022,10-07-2023,Average
CUST1957,M,66,West,26,69719.54,4,0,1,85927.61,No,15-01-2020,Aug 5 2023,excellent 
CUST1958,Male,54,North,9,71255.52,2,1,Inactive,120107.57,No,15-01-2020,Aug 5 2023,Bad
CUST1959,Female,33,south ,9,87892.83,2,1,0,64619.85,0,March 3 2022,10-06-2023,Good
CUST1960,Female,63,South,56,27421.61,2,1,0,57905.01,0,15-01-2020,10-06-2023, poor
CUST1961,Female,63,West,13,97607.52,4,Yes,Inactive,87220.76,0,15-01-2020,Aug 5 2023,Average
CUST1962,F,27,West,7,6481.77,3,Yes,0,32571.28,No,15-01-2020,10-06-2023,Average
CUST1963,F,34,South,21,70415.61,1,1,0,22596.09,0,March 3 2022,10-07-2023, poor
CUST1964,F,30,NORTH,59,54962.63,2,0,0,144621.89,No,March 3 2022,Aug 5 2023,Good
CUST1965,M,43,south ,12,36511.75,2,1,Active,56297.42,0,March 3 2022,Aug 5 2023,Bad
CUST1966,M,39,West,52,43349.13,2,No,Active,87220.76,0,15-02-2021,Aug 5 2023,Good
CUST1967,Male,29,West,41,38953.15,2,1,1,42316.52,1,March 3 2022,Aug 5 2023,Average
CUST1968,F,59,North,55,48676.57,4,1,0,70563.65,0,15-01-2020,10-06-2023,Good
CUST1969,F,68,North,11,48676.57,2,No,Inactive,107773.17,0,15-01-2020,10-07-2023,Good
CUST1970,M,43,West,7,39255.23,2,1,Active,92591.46,No,15-02-2021,Aug 5 2023,Average
CUST1971,Male,67,North,32,82035.59,1,1,Active,145957.03,No,15-02-2021,Aug 5 2023, poor
CUST1972,M,41,North,34,37169.16,3,0,Inactive,138366.42,0,15-02-2021,10-07-2023,excellent 
CUST1973,Female,22,East,7,27407.45,2,1,Active,36301.66,No,15-02-2021,10-06-2023,Good
CUST1000,M,75,South,48,48676.57,4,No,0,131481.89,0,15-01-2020,Aug 5 2023,Good
CUST1975,M,48,NORTH,4,85740.67,3,1,0,125205.17,No,March 3 2022,10-07-2023,Good
CUST1976,Male,78,North,17,14296.45,4,No,0,45733.14,1,15-01-2020,Aug 5 2023,Good
CUST1977,M,59,West,48,41743.2,4,1,1,94976.84,No,15-01-2020,Aug 5 2023, poor
CUST1978,F,58,south ,56,33545.73,4,1,0,87220.76,No,15-02-2021,Aug 5 2023, poor
CUST1979,M,25,south ,14,85325.93,2,0,Inactive,29124.12,No,15-01-2020,10-07-2023,excellent 
CUST1980,F,21,south ,30,74694.81,2,1,Active,42258.71,0,15-01-2020,10-07-2023,Good
CUST1981,M,43,NORTH,54,91730.76,2,1,1,139677.64,No,15-01-2020,Aug 5 2023,Bad
CUST1982,F,36,West,40,57910.41,2,1,0,67623.77,0,15-01-2020,10-06-2023,Bad
CUST1983,M,72,south ,57,19118.12,2,Yes,1,61516,0,March 3 2022,Aug 5 2023,Good
CUST1984,M,79,NORTH,5,26881.63,2,0,Active,77572.91,0,March 3 2022,Aug 5 2023,Bad
CUST1985,Male,46,South,11,48676.57,4,Yes,Active,116225.64,0,15-01-2020,10-07-2023,Average
CUST1986,Female,28,North,15,9606.06,2,0,0,87220.76,0,15-02-2021,Aug 5 2023,Average
CUST1987,Female,72,West,36,25104.3,2,0,0,149411.48,No,March 3 2022,10-07-2023,Good
CUST1988,M,47,South,54,34874.18,1,No,0,127962.59,No,15-01-2020,Aug 5 2023,Good
CUST1989,M,22,South,3,15697.8,2,1,0,99845.23,0,15-02-2021,10-06-2023,Good
CUST1990,Male,73,South,20,29681.24,2,No,Active,139627.21,No,March 3 2022,10-07-2023,Good
CUST1991,Male,57,south ,1,4705.9,3,Yes,0,85830.7,0,15-01-2020,10-06-2023,Good
CUST1992,Male,79,West,26,72736.82,4,No,0,87220.76,No,15-01-2020,Aug 5 2023,excellent 
CUST1993,M,41,south ,34,19849.81,2,Yes,Inactive,87769.01,0,15-02-2021,Aug 5 2023,Good
CUST1994,Female,58,south ,9,70604.95,1,Yes,Inactive,31877.54,1,15-01-2020,10-07-2023,Good
CUST1995,Female,36,West,15,88398.23,4,0,0,63623.63,No,15-02-2021,Aug 5 2023, poor
CUST1996,Male,34,south ,27,71222.39,1,Yes,Inactive,26015.45,No,March 3 2022,10-06-2023,Good
CUST1997,Male,33,South,33,73104.58,2,1,Active,76209.59,No,15-02-2021,Aug 5 2023,Good
CUST1998,F,77,NORTH,12,51789.33,2,No,0,85802.2,0,15-01-2020,Aug 5 2023,Bad
CUST1999,Male,21,NORTH,30,48676.57,1,Yes,0,121150.98,No,15-01-2020,Aug 5 2023,Average
CUST2000,Male,22,West,13,12037.41,3,0,Active,92511.78,0,15-01-2020,10-07-2023,Average
CUST2001,Female,48,South,37,67104.5,2,No,0,58363.52,0,15-01-2020,10-06-2023, poor
CUST2002,M,59,NORTH,3,39217,2,Yes,0,43909.02,No,15-02-2021,10-06-2023,Average
CUST2003,M,50,south ,35,24623.72,4,1,Active,50676.61,Yes,15-01-2020,Aug 5 2023,Average
CUST2004,M,25,south ,43,81275.43,3,1,0,99434.28,0,15-01-2020,10-07-2023,Average
CUST2005,Male,23,South,23,34786.29,3,Yes,Active,142834.68,0,March 3 2022,10-07-2023,Good
CUST2006,Female,43,South,36,34662.9,2,Yes,0,117574.14,0,15-02-2021,Aug 5 2023,Bad
CUST2007,Male,44,North,22,65348.85,2,0,Active,44238.07,0,March 3 2022,Aug 5 2023, poor
CUST2008,F,24,East,45,11748.81,1,1,0,69534.6,No,March 3 2022,10-06-2023,Good
CUST2009,Female,50,south ,57,43143.08,2,1,0,27481.57,0,15-02-2021,Aug 5 2023, poor
CUST2010,Male,55,south ,16,9863.49,1,1,0,71256.54,0,15-01-2020,10-07-2023,Average
CUST2011,M,37,south ,26,22785.91,4,No,0,105694.25,0,15-02-2021,Aug 5 2023,Bad
CUST2012,Male,48,North,41,25917.53,4,Yes,Inactive,109426.62,0,15-01-2020,10-07-2023,Good
CUST2013,Male,50,NORTH,44,4789.31,1,0,1,125650.42,No,15-01-2020,Aug 5 2023,excellent 
CUST2014,F,75,south ,42,19031.07,3,0,0,79895.22,Yes,March 3 2022,Aug 5 2023,Average
CUST2015,Male,53,South,51,90311.07,4,No,Inactive,88478.62,No,15-01-2020,10-06-2023,Good
CUST2016,F,30,North,35,87325.73,2,0,1,74315.73,No,March 3 2022,10-07-2023, poor
CUST2017,Female,40,south ,7,98579.88,2,Yes,0,48924.08,0,March 3 2022,Aug 5 2023,Average
CUST2018,Male,77,south ,13,4761.4,2,1,Active,138139.11,No,15-01-2020,Aug 5 2023,Good
CUST2019,Male,58,South,2,48676.57,3,1,0,51349.56,0,15-02-2021,Aug 5 2023,excellent 
CUST2020,Female,35,NORTH,5,48676.57,1,0,Active,79681.1,0,15-01-2020,Aug 5 2023,Average
CUST2021,M,35,south ,25,5973.51,4,Yes,0,22389.64,No,15-02-2021,10-06-2023,Bad
CUST2022,Male,79,South,5,78686.2,4,No,0,82667.91,0,March 3 2022,10-06-2023,excellent 
CUST2023,M,49,South,6,48676.57,2,1,1,122886.3,0,15-01-2020,10-07-2023,Bad
CUST2024,M,44,West,15,22218.48,1,No,0,128362.86,No,15-01-2020,10-06-2023, poor
CUST2025,M,51,south ,22,57313.5,3,0,0,97093.57,0,15-02-2021,Aug 5 2023,Good
CUST2026,Male,76,South,47,3467.22,4,1,0,82213.48,No,March 3 2022,Aug 5 2023,Bad
CUST2027,Female,65,South,23,97732.05,2,Yes,0,106392.11,0,March 3 2022,Aug 5 2023,Good
CUST2028,Female,42,south ,40,92977.67,2,1,Inactive,55145.82,0,15-01-2020,10-07-2023,Average
CUST2029,Male,39,south ,51,24649.22,4,1,0,41209.48,0,March 3 2022,Aug 5 2023,Good
CUST2030,Male,33,North,36,8255.99,3,0,0,27657.28,No,15-01-2020,Aug 5 2023,Average
CUST2031,Male,40,NORTH,56,47216.88,3,0,0,96756.28,0,15-02-2021,Aug 5 2023,Good
CUST2032,M,62,south ,7,7680.4,2,1,0,81106.63,0,15-02-2021,10-06-2023,Good
CUST2033,F,78,West,24,61552.85,1,No,Active,44578.44,No,15-01-2020,Aug 5 2023,Average
CUST2034,M,44,South,20,53078.08,1,1,1,87220.76,No,15-01-2020,10-06-2023,Average
CUST2035,Female,26,south ,27,38896.37,2,Yes,1,33202.84,0,15-01-2020,10-06-2023,Good
CUST2036,Male,77,NORTH,9,64179.46,2,1,0,97855.06,No,March 3 2022,Aug 5 2023,Bad
CUST2037,Female,55,East,47,3040.21,4,0,Active,76794.95,0,15-01-2020,Aug 5 2023,Good
CUST2038,Male,42,south ,51,50697.8,4,No,Inactive,20874.82,0,March 3 2022,10-06-2023,Good
CUST2039,F,56,East,43,45067.43,2,1,Active,107892.07,0,15-02-2021,10-06-2023, poor
CUST2040,Male,31,North,50,61880.32,4,Yes,Inactive,106793.68,0,15-02-2021,10-07-2023,Bad
CUST2041,Male,62,south ,54,11281.17,2,Yes,Active,85479.41,0,15-01-2020,Aug 5 2023,Average
CUST2042,M,59,south ,35,74446.97,1,No,0,87220.76,0,15-01-2020,Aug 5 2023,Bad
CUST2043,Male,19,North,12,66435.77,2,1,0,103222.86,0,15-02-2021,Aug 5 2023,Average
CUST2044,F,29,NORTH,53,74178.49,2,No,1,145700.93,No,15-01-2020,Aug 5 2023,Average
CUST2045,M,36,East,19,79738.66,2,1,Inactive,99468.07,No,15-02-2021,Aug 5 2023,Average
CUST2046,F,19,West,57,5069.36,3,0,0,87462.65,No,March 3 2022,Aug 5 2023,excellent 
CUST2047,M,25,NORTH,50,88.95,4,0,Inactive,87220.76,0,15-02-2021,10-07-2023,Average
CUST2048,M,20,West,44,53308.15,4,0,Active,25915.68,0,15-01-2020,10-06-2023,Good
CUST2049,F,64,south ,23,74869.43,1,1,0,87220.76,No,15-01-2020,Aug 5 2023,Bad
CUST2050,Female,58,south ,41,52231.16,2,Yes,0,70345.1,0,15-02-2021,10-06-2023,excellent 
CUST2051,Female,48,south ,51,84019.89,3,1,1,25838.7,No,15-01-2020,10-06-2023,Good
CUST2052,Male,35,south ,31,2449.62,3,1,Inactive,120895.15,0,March 3 2022,Aug 5 2023,Good
CUST2053,Male,68,East,48,21890.92,4,No,Active,61420.45,No,15-02-2021,Aug 5 2023,excellent 
CUST2054,Female,39,East,2,90777.71,2,Yes,Active,117978.36,No,15-01-2020,Aug 5 2023,Good
CUST2055,Male,68,South,45,57907.2,2,1,Inactive,38100.56,No,March 3 2022,Aug 5 2023,Bad
CUST2056,Male,34,East,3,65164.67,2,No,0,65232,0,15-01-2020,Aug 5 2023,excellent 
CUST2057,Male,32,south ,17,37927.77,1,0,Active,50067.02,No,15-02-2021,10-06-2023,Good
CUST2058,Male,44,North,20,88383.17,1,No,0,69612.57,No,15-01-2020,Aug 5 2023,Bad
CUST2059,Male,41,North,17,42792.16,1,Yes,1,143791.99,No,March 3 2022,Aug 5 2023,Good
CUST2060,M,66,East,46,48676.57,3,No,Active,63954.24,No,15-02-2021,10-06-2023,excellent 
CUST2061,Male,48,East,14,93317.82,1,1,Active,39942.65,0,March 3 2022,Aug 5 2023,Good
CUST2062,M,47,NORTH,19,73751.54,4,1,0,87585.51,0,15-01-2020,Aug 5 2023,Average
CUST2063,Female,36,south ,51,50028.94,2,1,Inactive,92375.21,0,15-01-2020,10-06-2023,Good
CUST2064,Female,20,South,24,12847.68,1,Yes,Inactive,87220.76,No,March 3 2022,10-06-2023,Bad
CUST2065,Male,20,West,10,9123.98,2,1,1,77713.53,Yes,15-01-2020,Aug 5 2023,Bad
CUST2066,Male,37,south ,23,58193.95,2,0,Inactive,103415.11,No,March 3 2022,Aug 5 2023,Good
CUST2067,Male,36,South,58,85534.41,2,1,Active,111349.9,No,March 3 2022,10-06-2023,Average
CUST2068,F,71,West,40,48676.57,3,1,0,49108.56,0,March 3 2022,Aug 5 2023,Good
CUST2069,F,46,south ,23,17416.72,4,Yes,Inactive,87220.76,1,March 3 2022,Aug 5 2023,Average
CUST2070,Male,49,North,5,38221.88,4,1,0,126960.72,0,15-01-2020,Aug 5 2023,excellent 
CUST2071,Male,21,East,29,69029.14,3,0,Inactive,87220.76,No,15-01-2020,Aug 5 2023, poor
CUST2072,M,32,South,47,42751.94,4,1,0,45787.77,0,15-02-2021,10-06-2023,Good
CUST2073,Female,18,south ,3,6967.3,1,No,0,68469.01,No,15-01-2020,Aug 5 2023, poor
CUST2074,F,61,North,7,45075.05,2,Yes,0,37974,No,15-02-2021,10-06-2023,Good
CUST2075,F,73,South,2,65737.52,3,1,0,107481.16,0,15-01-2020,10-06-2023,Good
CUST2076,Male,37,West,59,77533.39,4,0,1,24298.53,0,15-02-2021,Aug 5 2023,Good
CUST2077,M,31,West,24,3052.52,2,Yes,1,143385.82,No,15-02-2021,10-06-2023,excellent 
CUST2078,Male,68,East,35,41310.17,3,0,0,134011.19,No,15-02-2021,10-06-2023,excellent 
CUST2079,Male,57,South,29,40178.16,2,0,Inactive,24455.42,0,15-01-2020,Aug 5 2023,Good
CUST2080,Female,59,East,54,40424.34,1,No,Inactive,144753.27,0,15-01-2020,Aug 5 2023,excellent 
CUST2081,M,66,South,15,92398.28,2,1,Active,90125.01,No,15-01-2020,10-06-2023,Average
CUST2082,F,34,East,42,48676.57,4,1,0,25776.37,No,15-01-2020,10-07-2023,Average
CUST2083,F,22,south ,40,98848.41,2,1,0,107234.32,0,15-01-2020,Aug 5 2023,Good
CUST2084,M,37,south ,55,52265.14,2,1,Active,46163.23,0,March 3 2022,10-06-2023,excellent 
CUST2085,Female,23,south ,34,64350.03,2,1,Inactive,148886.29,No,March 3 2022,Aug 5 2023,excellent 
CUST2086,Female,19,West,53,15720.1,2,No,1,120635.24,No,15-01-2020,10-07-2023,excellent 
CUST2087,F,26,south ,49,21311.24,2,0,0,69708.42,No,15-02-2021,Aug 5 2023, poor
CUST2088,Female,71,East,42,48676.57,1,Yes,0,142476.5,0,15-02-2021,Aug 5 2023,Bad
CUST2089,Male,54,south ,55,422.51,3,Yes,Inactive,115896.41,0,15-01-2020,10-06-2023, poor
CUST2090,Male,43,south ,8,54721.89,3,1,0,87220.76,0,March 3 2022,Aug 5 2023, poor
CUST2091,Male,70,North,15,38981.49,3,1,1,57228.47,No,15-01-2020,10-07-2023,excellent 
CUST2092,Male,52,North,46,2566.75,4,0,Active,87220.76,0,15-02-2021,Aug 5 2023,Good
CUST2093,Male,41,North,25,352.18,3,0,0,70417.51,No,15-01-2020,Aug 5 2023,Bad
CUST2094,Male,54,South,40,59663.33,3,0,1,98046.21,No,15-01-2020,Aug 5 2023,Average
CUST2095,Male,62,south ,27,72046.11,2,No,0,22513,0,15-01-2020,10-07-2023,excellent 
CUST2096,Female,74,East,10,96909.59,4,1,Inactive,52980.97,0,15-01-2020,10-07-2023,excellent 
CUST2097,F,49,South,9,3722.82,2,No,0,112385.15,1,15-01-2020,10-07-2023,Good
CUST2098,F,78,South,40,39461.61,2,Yes,0,87220.76,Yes,15-01-2020,10-07-2023,Good
CUST2099,F,47,East,27,82357,3,No,1,115142.87,1,15-01-2020,Aug 5 2023,Good
CUST2100,Female,30,south ,16,17657.06,2,No,0,92995.46,No,15-01-2020,Aug 5 2023,Bad
CUST2101,Male,76,South,53,48676.57,1,Yes,Active,68392.2,No,15-01-2020,10-06-2023,excellent 
CUST2102,Male,50,south ,13,15222.34,4,1,0,71707.31,0,15-01-2020,10-07-2023,Bad
CUST2103,M,57,south ,54,24498.14,4,1,Active,27879.84,No,March 3 2022,Aug 5 2023,Good
CUST2104,Female,69,South,18,35596.11,4,1,1,114097.36,0,15-02-2021,10-07-2023,excellent 
CUST2105,Female,43,South,48,51767.91,1,0,Inactive,45128.97,0,March 3 2022,10-06-2023,Good
CUST2106,Male,50,south ,19,28846.96,1,Yes,0,137317.24,0,15-01-2020,Aug 5 2023,Good
CUST2107,M,39,south ,54,42661.64,4,0,0,126456.15,0,15-02-2021,Aug 5 2023,Bad
CUST2108,Female,31,South,4,72773.23,1,1,1,83152.55,No,15-02-2021,10-06-2023,Good
CUST2109,Male,79,South,29,88275.45,4,No,1,61452.6,No,15-01-2020,Aug 5 2023,Average
CUST2110,F,24,NORTH,1,25725.45,4,Yes,0,48467.7,No,March 3 2022,Aug 5 2023,excellent 
CUST2111,M,68,south ,49,18786.01,1,1,1,143667.81,No,March 3 2022,Aug 5 2023,Bad
CUST2112,Female,73,South,1,45995.62,2,Yes,0,43684.79,0,15-02-2021,Aug 5 2023,Good
CUST2113,M,20,South,26,48676.57,2,Yes,0,77935.87,No,15-02-2021,Aug 5 2023,excellent 
CUST2114,F,43,south ,55,428.55,2,No,1,95292.06,0,15-02-2021,Aug 5 2023,excellent 
CUST2115,Female,78,south ,3,28205.46,1,0,0,79965.69,0,15-02-2021,Aug 5 2023,excellent 
CUST2116,Male,40,south ,29,22763.26,3,No,0,87220.76,0,15-01-2020,10-06-2023,Average
CUST2117,Male,18,south ,51,38679.41,4,1,1,87220.76,No,March 3 2022,10-07-2023,Average
CUST2118,M,35,south ,21,7269.24,2,Yes,Inactive,114264.65,No,15-02-2021,10-06-2023,Average
CUST2119,Male,64,West,15,48676.57,3,Yes,1,58721.42,No,15-02-2021,10-06-2023,excellent 
CUST2120,Male,48,West,59,22777.28,1,Yes,0,32850.82,0,15-02-2021,10-07-2023, poor
CUST2121,Female,71,south ,22,6338.67,1,1,0,63123.66,0,March 3 2022,10-06-2023, poor
CUST2122,Male,31,West,45,97480,1,1,Inactive,35785.93,0,15-02-2021,Aug 5 2023,excellent 
CUST2123,Male,58,East,27,87764.9,4,0,Active,57912.57,0,15-01-2020,10-07-2023,Average
CUST2124,Male,52,south ,29,92786.77,2,1,0,146564.63,No,15-01-2020,10-06-2023,Good
CUST2125,Female,73,West,43,46600.01,2,No,Active,26173.91,No,15-02-2021,10-06-2023,Good
CUST2126,F,40,NORTH,59,48203.97,2,1,1,130268.21,0,15-02-2021,10-06-2023,Bad
CUST2127,M,45,NORTH,31,69979.66,3,No,1,35077.29,0,15-02-2021,10-07-2023,Good
CUST2128,Male,47,south ,8,48264.54,1,Yes,0,112053.2,0,15-02-2021,Aug 5 2023,Average
CUST1000,F,23,south ,23,51637.38,2,0,0,132000.01,No,15-02-2021,Aug 5 2023,Bad
CUST2130,Female,27,North,53,30013.36,2,Yes,0,66018.33,0,March 3 2022,10-07-2023,Bad
CUST2131,F,45,NORTH,52,30891.07,3,Yes,0,113052.94,No,15-01-2020,Aug 5 2023, poor
CUST2132,Male,54,South,47,3471.34,2,1,0,57838.96,0,March 3 2022,10-07-2023,Average
CUST2133,F,35,East,13,15877.97,2,Yes,1,108224.43,0,15-01-2020,Aug 5 2023,excellent 
CUST2134,F,68,North,43,12468.92,2,No,1,44183.93,0,15-02-2021,Aug 5 2023,Good
CUST1000,Male,24,North,16,82992.74,2,1,Active,136963.87,0,15-01-2020,10-06-2023,Good
CUST2136,Male,53,South,30,51878.9,4,0,Active,87220.76,No,15-01-2020,10-07-2023,Average
CUST2137,F,70,North,3,96287.75,2,Yes,0,45806.63,0,March 3 2022,Aug 5 2023,Good
CUST2138,M,59,south ,50,25459.77,1,1,Active,138059.35,Yes,March 3 2022,Aug 5 2023, poor
CUST2139,Female,19,West,25,69354.54,4,Yes,1,103360.92,0,15-01-2020,Aug 5 2023,Good
CUST2140,Female,40,South,27,31931.37,4,Yes,0,77719.75,0,15-02-2021,10-07-2023,excellent 
CUST2141,M,47,South,25,51119.15,2,No,1,127666.41,No,15-01-2020,10-06-2023,Bad
CUST2142,M,49,south ,19,37177.38,3,1,Inactive,122745.57,No,15-01-2020,10-06-2023,Good
CUST2143,M,21,south ,22,7583.49,2,0,0,58004.01,0,15-02-2021,10-07-2023,excellent 
CUST2144,F,23,South,24,48676.57,1,1,Inactive,142844.48,0,March 3 2022,10-07-2023,excellent 
CUST2145,Male,46,South,57,85304.57,3,No,0,104160.6,No,15-01-2020,10-07-2023,Good
CUST2146,Female,48,south ,42,51821.77,3,1,Inactive,30670.78,0,March 3 2022,10-06-2023,Good
CUST2147,Male,62,south ,31,34389.64,3,1,0,95514.11,0,15-02-2021,10-07-2023,excellent 
CUST2148,Female,68,South,27,23590.89,1,0,0,23590.62,0,15-01-2020,10-07-2023,excellent 
CUST2149,Male,52,south ,35,88961.6,3,1,Active,117068.45,No,15-01-2020,Aug 5 2023, poor
CUST2150,Female,69,NORTH,27,48676.57,1,Yes,Active,129130.07,No,15-01-2020,Aug 5 2023,Bad
CUST2151,Male,34,North,25,44729.44,4,1,0,27383.94,No,March 3 2022,Aug 5 2023,Good
CUST2152,M,52,North,53,23157.87,1,No,Active,119660.58,No,15-02-2021,10-06-2023,Average
CUST2153,M,41,south ,30,40265.04,1,1,Inactive,38860.43,No,15-01-2020,Aug 5 2023, poor
CUST2154,Male,55,North,29,94677.52,3,1,0,80176.79,0,15-02-2021,10-07-2023,Good
CUST2155,F,33,West,37,75425.01,2,Yes,0,36125.26,0,15-02-2021,10-06-2023,Good
CUST2156,Male,26,North,4,92465.86,2,1,0,21614.5,1,15-01-2020,10-06-2023,Average
CUST2157,Female,53,West,7,93880.41,3,No,0,118987.81,0,March 3 2022,10-06-2023,excellent 
CUST2158,M,56,North,50,9259.02,4,0,Active,87220.76,No,15-01-2020,10-07-2023,Good
CUST2159,Male,75,south ,57,98087.57,4,1,0,102266.23,0,15-01-2020,Aug 5 2023,Average
CUST2160,M,24,NORTH,43,23844.17,2,No,0,130694.17,No,15-01-2020,10-07-2023,Average
CUST2161,Male,45,South,49,72276.34,2,Yes,Inactive,31811.51,0,15-01-2020,Aug 5 2023,excellent 
CUST2162,Male,76,West,57,82964.15,3,Yes,Active,139967.86,0,15-02-2021,10-06-2023,Good
CUST2163,F,25,south ,26,77981.35,2,0,Inactive,73583.02,0,15-01-2020,Aug 5 2023,Good
CUST2164,Male,69,south ,23,48676.57,2,1,0,126880.69,0,15-01-2020,10-06-2023,Bad
CUST2165,F,28,south ,43,23871.81,3,No,1,103554.32,No,15-01-2020,10-07-2023, poor
CUST2166,Female,38,south ,45,98342.27,4,0,Inactive,87788.81,No,March 3 2022,Aug 5 2023,Bad
CUST2167,M,25,North,57,9085.78,2,Yes,Active,87220.76,0,15-01-2020,10-07-2023,Good
CUST2168,Male,46,NORTH,36,11768.68,3,0,Inactive,118798.51,0,15-02-2021,Aug 5 2023,Bad
CUST2169,Female,20,East,44,89932.97,3,0,0,87220.76,No,15-01-2020,10-07-2023,Average
CUST2170,F,52,East,11,35654.18,2,1,0,94258.31,No,15-01-2020,10-06-2023,Good
CUST2171,Male,75,south ,3,48421.56,2,Yes,1,91771.62,0,15-01-2020,10-06-2023,Bad
CUST2172,M,79,North,49,89165.65,2,1,0,79115.72,0,15-01-2020,10-07-2023,Bad
CUST2173,Female,19,North,52,72596.88,2,1,Inactive,128072.65,No,March 3 2022,Aug 5 2023, poor
CUST2174,F,18,East,46,53483,4,No,0,66408.32,No,15-01-2020,Aug 5 2023, poor
CUST2175,Male,24,East,52,42851.64,2,1,0,87220.76,0,15-01-2020,Aug 5 2023,Good
CUST2176,Male,67,NORTH,41,32979.49,4,Yes,Inactive,142069.21,No,March 3 2022,10-07-2023,Average
CUST2177,Male,76,South,41,48676.57,3,Yes,Active,112379.39,No,March 3 2022,10-07-2023,excellent 
CUST2178,F,45,North,10,36615.73,3,0,Inactive,149728.6,No,15-01-2020,Aug 5 2023, poor
CUST2179,M,21,East,37,48676.57,4,1,0,87220.76,0,March 3 2022,10-06-2023,Good
CUST2180,F,41,West,25,80844.96,3,1,Active,146614.41,No,15-01-2020,Aug 5 2023,Bad
CUST2181,Female,39,South,28,96686.63,1,1,Inactive,56760.2,0,15-02-2021,10-07-2023,excellent 
CUST2182,M,42,West,55,80994.33,4,Yes,0,49625.75,No,15-02-2021,Aug 5 2023,Bad
CUST2183,Male,54,South,29,76601.39,3,Yes,0,22623.77,0,15-02-2021,10-06-2023,Bad
CUST2184,Female,31,North,10,7223.46,2,1,1,87220.76,0,15-01-2020,Aug 5 2023, poor
CUST2185,Male,48,North,50,23102.48,4,Yes,0,100831.89,Yes,15-01-2020,Aug 5 2023,Average
CUST2186,M,61,south ,29,90636,3,1,1,89481.59,No,15-01-2020,Aug 5 2023,Bad
CUST2187,Female,66,NORTH,44,92198.75,4,1,0,84906.92,No,15-01-2020,10-07-2023,Average
CUST2188,Male,53,North,9,54190.63,4,No,0,99332.67,No,15-01-2020,10-07-2023,Good
CUST2189,Male,53,NORTH,35,80998.37,1,1,Active,118731.49,0,15-02-2021,10-06-2023,Good
CUST2190,Male,69,south ,19,55904.73,4,Yes,0,129066.34,0,15-01-2020,Aug 5 2023, poor
CUST2191,Male,39,South,22,82776.4,2,Yes,Active,44632.04,No,15-02-2021,10-06-2023,excellent 
CUST2192,Male,44,NORTH,59,86432.29,3,0,Inactive,74339.81,No,March 3 2022,Aug 5 2023, poor
CUST2193,M,64,south ,49,68274.55,2,1,0,61870.82,0,15-01-2020,Aug 5 2023,Bad
CUST2194,F,62,North,47,95537.09,2,1,Inactive,139534.25,No,March 3 2022,Aug 5 2023,Good
CUST2195,Female,70,East,4,92737.61,3,1,Active,135939.55,0,15-01-2020,10-06-2023,excellent 
CUST2196,F,62,South,36,48676.57,2,1,Inactive,71198.9,No,15-01-2020,10-06-2023,Good
CUST2197,M,66,South,9,30834.14,1,1,1,26521.7,No,15-01-2020,10-06-2023,Bad
CUST2198,Male,28,East,56,48676.57,4,Yes,Active,144972.43,No,15-01-2020,10-06-2023,excellent 
CUST2199,Male,18,North,47,79434.24,2,1,Active,74311.53,0,15-02-2021,10-07-2023,Bad
CUST1000,Male,25,south ,32,56791.73,1,0,Inactive,87220.76,No,15-01-2020,10-06-2023,Average
CUST2201,Female,60,south ,21,48676.57,1,1,Active,122540.67,1,March 3 2022,Aug 5 2023,Good
CUST2202,M,69,West,19,36272.39,1,1,1,53682.6,No,March 3 2022,Aug 5 2023,Bad
CUST2203,Male,66,West,41,43169.17,3,1,0,33003.33,No,March 3 2022,Aug 5 2023,Bad
CUST2204,Male,23,NORTH,34,67233.35,1,0,0,113551.07,0,15-01-2020,10-06-2023, poor
CUST2205,F,45,South,35,81489.01,1,No,Inactive,26707.45,1,15-01-2020,10-06-2023,Bad
CUST2206,Male,38,NORTH,29,48676.57,1,0,1,148453.09,0,March 3 2022,Aug 5 2023,Good
CUST2207,M,62,East,53,46396.71,1,1,0,38056.78,No,15-01-2020,10-06-2023,Good
CUST2208,Male,52,NORTH,29,44464.58,2,0,0,78738.87,0,March 3 2022,10-06-2023,Bad
CUST2209,Male,61,south ,25,43060.05,2,Yes,Active,87220.76,0,15-02-2021,10-07-2023,Good
CUST2210,F,30,North,50,29057.5,2,1,1,44282.89,0,15-02-2021,Aug 5 2023,Good
CUST2211,Male,48,North,9,48676.57,2,Yes,Inactive,97049.33,0,15-02-2021,10-06-2023,Good
CUST2212,Female,56,NORTH,8,87028.37,1,Yes,Active,101389.69,No,March 3 2022,Aug 5 2023,Good
CUST2213,Female,48,NORTH,6,44347.19,2,Yes,1,74423.48,0,15-01-2020,10-06-2023,Average
CUST2214,Male,69,south ,25,27674.77,3,1,1,42373.12,0,15-01-2020,10-06-2023,Bad
CUST2215,Female,61,south ,24,99600.7,2,1,0,114937.82,No,15-01-2020,Aug 5 2023,excellent 
CUST2216,M,53,West,58,24598.19,4,1,0,77489.61,0,March 3 2022,Aug 5 2023, poor
CUST2217,Male,63,South,47,89240.08,1,1,0,147405.79,0,15-01-2020,10-06-2023,Good
CUST2218,M,73,south ,27,70504.25,2,No,1,70783.49,No,15-02-2021,Aug 5 2023,excellent 
CUST2219,Male,43,south ,13,60906.26,3,0,0,71109.52,0,March 3 2022,Aug 5 2023,excellent 
CUST2220,F,77,East,54,79657.45,4,Yes,1,33098.44,No,15-01-2020,Aug 5 2023,Good
CUST2221,Male,24,south ,1,39346.62,3,1,Active,113852.24,0,15-01-2020,Aug 5 2023,Good
CUST2222,Male,59,North,16,2291.72,4,No,0,57827.76,No,15-01-2020,Aug 5 2023,Average
CUST2223,Male,39,NORTH,49,93407.38,3,0,Active,58620.79,1,March 3 2022,Aug 5 2023,Bad
CUST2224,Male,67,South,34,12397.65,1,0,0,120621.9,0,15-02-2021,10-06-2023,excellent 
CUST2225,Female,42,North,55,48676.57,3,1,0,49078.6,0,15-01-2020,Aug 5 2023,Good
CUST2226,M,46,NORTH,54,48676.57,2,0,0,90337.07,No,March 3 2022,Aug 5 2023,Bad
CUST2227,F,70,East,19,48676.57,2,1,0,118854.76,No,15-02-2021,Aug 5 2023,Good
CUST2228,F,42,North,18,4988.52,2,0,1,31813.88,0,March 3 2022,10-06-2023, poor
CUST2229,F,59,South,15,80673.88,1,1,Inactive,22780.65,No,March 3 2022,Aug 5 2023,excellent 
CUST2230,M,46,south ,38,6131,1,1,0,90702.83,Yes,15-01-2020,10-06-2023,Average
CUST2231,M,65,NORTH,26,58815.99,1,Yes,0,48975.7,No,15-01-2020,10-07-2023,excellent 
CUST2232,Male,71,South,57,79159.31,1,1,1,133274.12,No,March 3 2022,10-07-2023, poor
CUST2233,Male,21,south ,12,24486.18,2,1,0,121803.95,0,March 3 2022,10-07-2023,Average
CUST2234,Female,69,East,19,48676.57,2,1,Active,104242.03,No,15-01-2020,10-07-2023,Average
CUST2235,Male,79,South,37,37107.65,2,No,0,87220.76,No,15-01-2020,10-06-2023,Average
CUST2236,Female,62,North,45,32764.93,1,0,1,144008.68,No,March 3 2022,Aug 5 2023, poor
CUST2237,M,60,North,39,2128.8,1,1,0,144813.9,1,15-02-2021,Aug 5 2023,Average
CUST2238,Male,63,south ,21,88739.67,2,No,0,47141.6,No,March 3 2022,Aug 5 2023,Average
CUST2239,Female,20,West,7,48676.57,1,Yes,1,30033.94,No,15-01-2020,Aug 5 2023,Average
CUST2240,F,31,NORTH,47,8335.71,4,Yes,1,119340.73,0,15-01-2020,Aug 5 2023, poor
CUST2241,M,43,NORTH,18,6620.66,3,0,Active,32521.48,1,15-01-2020,10-07-2023,Good
CUST2242,Male,50,North,45,37897.04,3,1,1,104541.62,0,March 3 2022,10-06-2023,excellent 
CUST2243,F,72,North,42,32558.97,4,Yes,0,28088.9,No,15-02-2021,10-07-2023,Good
CUST2244,Female,36,NORTH,47,25219.51,1,No,Active,123857.91,0,15-01-2020,Aug 5 2023,Bad
CUST2245,F,26,south ,29,69951.66,3,1,Inactive,75504.51,No,March 3 2022,Aug 5 2023,Average
CUST2246,Male,70,East,30,37385.05,4,1,0,51209.69,No,15-01-2020,10-07-2023,excellent 
CUST2247,Female,44,North,32,65093.99,3,0,1,85632.19,No,15-01-2020,Aug 5 2023,Average
CUST2248,M,69,south ,6,85754.7,2,1,0,54910.26,0,15-02-2021,10-07-2023,Bad
CUST2249,Male,41,south ,29,10978.24,2,1,0,137488.03,0,15-01-2020,10-06-2023,Good
CUST2250,Male,51,South,38,34750.77,4,No,Active,128710.01,0,March 3 2022,Aug 5 2023,Average
CUST2251,Female,54,North,11,48676.57,2,1,0,109561.62,0,15-01-2020,Aug 5 2023,Good
CUST2252,M,22,East,36,48676.57,2,1,Inactive,87220.76,No,15-01-2020,Aug 5 2023,Good
CUST2253,Male,38,south ,37,12427.47,2,0,1,87220.76,No,15-01-2020,Aug 5 2023,excellent 
CUST2254,Male,52,East,24,88470.85,2,No,Inactive,116685.38,No,15-01-2020,10-06-2023,Good
CUST2255,Female,77,South,52,12817.18,2,0,0,107803.73,0,March 3 2022,Aug 5 2023,Bad
CUST2256,Female,60,South,39,75520.88,2,Yes,Active,61760.51,0,15-02-2021,Aug 5 2023,Average
CUST2257,Male,18,south ,38,48676.57,3,1,0,76806.42,No,15-02-2021,Aug 5 2023, poor
CUST2258,F,23,NORTH,32,75845.55,4,Yes,Inactive,136718.63,0,15-02-2021,Aug 5 2023, poor
CUST2259,Male,30,south ,42,57349.38,2,0,0,141895.91,0,15-01-2020,Aug 5 2023,Average
CUST2260,Female,52,North,4,12380.14,4,No,Active,137698.1,No,15-01-2020,10-07-2023,Average
CUST2261,M,61,East,55,64374.62,1,No,Inactive,75139.17,No,15-02-2021,10-07-2023,Good
CUST2262,Female,46,NORTH,33,44729.21,4,0,1,76941.12,No,March 3 2022,10-07-2023,Good
CUST2263,Male,51,south ,33,95559.67,1,1,0,75495.88,No,15-01-2020,Aug 5 2023,Bad
CUST2264,F,53,North,31,6678.58,4,1,Inactive,145891.5,No,15-02-2021,Aug 5 2023,Bad
CUST2265,F,77,south ,5,41499.13,2,1,0,97135.53,0,15-01-2020,Aug 5 2023, poor
CUST2266,Female,22,East,39,78469.09,4,0,0,58304.51,No,15-01-2020,Aug 5 2023,Bad
CUST2267,Male,21,south ,6,99836.02,1,1,0,139062.61,No,March 3 2022,Aug 5 2023,Average
CUST2268,Female,27,East,19,77524.16,2,1,Inactive,118241.21,0,15-02-2021,Aug 5 2023,excellent 
CUST2269,F,35,West,6,64284.87,4,1,Inactive,87220.76,No,15-02-2021,10-06-2023,Good
CUST2270,Male,37,NORTH,40,40470.92,3,0,Active,26552.72,0,15-01-2020,10-06-2023,excellent 
CUST2271,Male,37,East,16,37359.37,2,1,1,147834.93,0,March 3 2022,10-06-2023,Good
CUST2272,F,24,East,13,98813.46,1,Yes,Inactive,26643.36,0,15-01-2020,10-07-2023,Average
CUST2273,F,54,south ,26,33359.77,2,1,1,50695.08,No,15-01-2020,Aug 5 2023,Bad
CUST2274,Male,70,south ,1,62315.37,3,0,Active,124383.49,0,15-02-2021,10-06-2023,Bad
CUST2275,Male,29,North,29,68490.37,4,1,0,48727.22,No,March 3 2022,10-07-2023,Good
CUST2276,Female,42,south ,8,79770.75,3,1,0,30881.99,1,15-01-2020,10-07-2023,Average
CUST2277,Male,31,North,54,48676.57,2,1,Inactive,69226.18,1,15-01-2020,10-07-2023,excellent 
CUST2278,F,29,North,37,48676.57,4,0,Active,144096.6,No,15-01-2020,10-07-2023, poor
CUST2279,F,47,South,27,70648.37,3,No,Active,36964.81,0,15-02-2021,Aug 5 2023,Good
CUST2280,Male,74,East,34,44024.32,3,1,1,116115.07,No,March 3 2022,Aug 5 2023,excellent 
CUST2281,Female,53,South,32,39543.68,1,1,Active,78887.81,0,15-01-2020,Aug 5 2023,Good
CUST2282,Female,50,West,46,2450.88,4,1,Active,33125.82,No,March 3 2022,10-06-2023,Average
CUST2283,Female,39,south ,58,77053.87,3,1,Active,87220.76,0,15-01-2020,10-06-2023,excellent 
CUST2284,Male,56,south ,53,8288.7,1,1,0,64717.64,0,15-02-2021,Aug 5 2023,excellent 
CUST2285,Male,38,East,35,48676.57,2,1,0,102401.02,No,15-02-2021,10-06-2023,Average
CUST2286,F,32,West,40,11525.96,2,0,0,27417.29,No,March 3 2022,Aug 5 2023,Good
CUST2287,M,40,West,34,19963.46,4,1,1,87220.76,0,15-02-2021,10-07-2023,Bad
CUST2288,M,41,South,19,9668.95,4,1,1,111224.25,0,15-02-2021,10-06-2023,Average
CUST2289,M,63,South,52,31450.37,4,0,Active,86883.98,0,15-01-2020,10-06-2023,Average
CUST2290,M,52,south ,51,68308.32,1,0,Inactive,54789.51,0,15-01-2020,Aug 5 2023,Good
CUST2291,F,73,North,11,39619.08,4,0,0,40905.44,0,15-02-2021,Aug 5 2023,Average
CUST2292,Male,31,East,10,43714.84,3,0,1,96867.02,No,March 3 2022,10-06-2023,excellent 
CUST2293,F,76,South,27,12195.8,2,No,0,103994.06,0,15-02-2021,10-06-2023,Good
CUST2294,Male,78,South,11,61401.74,3,Yes,1,52760.45,1,March 3 2022,10-06-2023,Average
CUST2295,Male,77,East,3,38318.53,2,No,Inactive,94386.14,No,March 3 2022,Aug 5 2023,Bad
CUST2296,Male,48,NORTH,30,48676.57,1,1,Active,87220.76,No,March 3 2022,Aug 5 2023, poor
CUST2297,F,79,North,17,84917.01,2,Yes,0,48536.71,0,15-01-2020,Aug 5 2023,excellent 
CUST2298,M,51,NORTH,57,48676.57,2,1,Inactive,147089.29,No,15-01-2020,10-06-2023,Bad
CUST1000,Male,28,East,29,94649.99,1,Yes,1,84834.03,0,15-02-2021,10-06-2023,Bad
CUST2300,Male,78,West,44,47460.96,2,Yes,0,148751.48,0,15-01-2020,Aug 5 2023,Average
CUST2301,Female,64,south ,22,9895.25,3,1,Active,73165.51,0,15-02-2021,10-06-2023,Bad
CUST2302,Male,34,south ,39,36995.21,1,1,Inactive,115519.74,0,March 3 2022,Aug 5 2023,Bad
CUST2303,M,31,NORTH,13,58191.41,4,1,Active,141344.5,0,15-02-2021,10-06-2023,Good
CUST2304,F,37,West,12,48676.57,2,0,0,91767.57,0,15-02-2021,10-06-2023, poor
CUST2305,Male,38,NORTH,10,87764.97,4,1,Active,137489.71,No,March 3 2022,Aug 5 2023,Bad
CUST2306,M,77,South,15,93052.57,1,1,0,121760.58,No,15-01-2020,10-06-2023,Good
CUST2307,M,21,south ,38,1887.36,3,0,Active,119136.72,0,15-01-2020,Aug 5 2023, poor
CUST2308,Female,51,south ,22,15753.32,4,1,1,87220.76,No,15-01-2020,10-07-2023,Bad
CUST2309,Male,38,south ,52,4193.17,4,1,1,56523.34,0,15-01-2020,10-07-2023,excellent 
CUST2310,M,47,NORTH,53,57572.87,2,1,0,55624.97,0,15-01-2020,10-07-2023,Average
CUST2311,F,72,North,13,46947.79,1,No,0,99170.24,No,15-02-2021,10-07-2023,Good
CUST2312,Male,65,West,29,44953.23,1,1,0,40088.33,0,15-02-2021,10-07-2023,Good
CUST2313,Female,28,East,21,61536.9,4,1,0,132031.61,No,15-01-2020,10-06-2023,Bad
CUST2314,M,32,south ,5,82135.04,3,No,Inactive,87220.76,0,15-02-2021,Aug 5 2023,Bad
CUST2315,Female,46,South,52,48676.57,2,1,1,114289.96,0,March 3 2022,10-06-2023,Good
CUST2316,Male,21,South,26,99324.34,3,No,0,43220.15,Yes,15-01-2020,Aug 5 2023,Good
CUST2317,Female,46,NORTH,56,52787.4,2,No,1,92786.32,0,March 3 2022,10-07-2023,Good
CUST2318,F,58,East,29,69072.26,3,0,Active,92081.41,0,March 3 2022,Aug 5 2023,Average
CUST2319,Male,70,South,27,51448.53,4,0,Active,125088.58,No,March 3 2022,10-06-2023, poor
CUST2320,Female,45,south ,59,4718.56,4,1,0,108068.39,0,15-01-2020,10-06-2023,Bad
CUST2321,Male,71,North,41,68769.83,3,1,Active,99032.59,No,15-01-2020,10-07-2023,Good
CUST2322,Female,71,North,25,17368.67,2,1,Active,49732.08,Yes,15-01-2020,10-06-2023,excellent 
CUST2323,Male,36,North,48,35034.22,3,1,0,87220.76,No,15-02-2021,10-06-2023, poor
CUST2324,F,44,West,37,42981.2,2,1,0,27689.67,0,15-01-2020,Aug 5 2023,Average
CUST2325,F,60,south ,39,65244.46,2,0,0,87220.76,0,15-02-2021,Aug 5 2023,Bad
CUST2326,M,60,south ,18,63483.05,4,0,Active,36360.46,0,15-01-2020,10-07-2023,Good
CUST2327,F,36,NORTH,4,618.02,2,No,Inactive,56451.74,0,15-02-2021,Aug 5 2023,Good
CUST1000,Female,54,NORTH,35,49379.69,3,1,0,91722.75,0,March 3 2022,10-07-2023,Bad
CUST2329,M,53,south ,38,4514.43,4,1,Active,92509.7,0,15-02-2021,Aug 5 2023,Bad
CUST2330,M,20,NORTH,35,21957.96,3,1,Inactive,87220.76,0,15-02-2021,10-06-2023, poor
CUST2331,Female,57,NORTH,46,57613.58,4,Yes,0,75831.02,No,15-02-2021,Aug 5 2023,excellent 
CUST2332,F,69,West,54,32748.31,2,No,0,141537.47,0,15-01-2020,10-07-2023,Good
CUST2333,Male,30,North,46,78629.79,2,No,0,28035.97,0,15-01-2020,Aug 5 2023,excellent 
CUST2334,Male,62,West,3,94602.8,4,No,0,87220.76,No,15-01-2020,10-06-2023,excellent 
CUST2335,F,59,West,33,54948.38,2,0,1,27742.49,No,15-01-2020,10-06-2023,Bad
CUST2336,M,73,North,37,85010.96,3,1,0,40427.93,0,15-01-2020,Aug 5 2023,Bad
CUST2337,F,59,East,18,97215.84,3,Yes,0,77824.47,0,15-01-2020,10-07-2023,Bad
CUST2338,F,47,south ,41,13728.41,2,Yes,0,134642.34,0,15-02-2021,10-06-2023,Good
CUST2339,Male,55,NORTH,18,17986.34,4,No,0,66548.37,0,March 3 2022,10-06-2023,Bad
CUST2340,Male,48,West,55,23726.69,4,Yes,1,87220.76,No,15-02-2021,10-07-2023,Good
CUST2341,Male,51,south ,39,96716.47,1,0,Active,118103.81,0,15-02-2021,Aug 5 2023,Bad
CUST2342,Female,60,East,53,85226.76,1,Yes,1,45943.42,No,15-02-2021,10-06-2023,Good
CUST2343,Male,28,East,56,50057.79,2,1,Active,87220.76,0,15-01-2020,10-07-2023,Average
CUST2344,Female,38,south ,53,26656.36,2,Yes,1,117394.57,0,March 3 2022,Aug 5 2023,Average
CUST2345,M,26,south ,38,32825.13,1,1,0,147194.32,0,March 3 2022,Aug 5 2023,excellent 
CUST2346,Male,32,North,7,48676.57,2,Yes,0,58729.61,0,15-01-2020,10-07-2023,Bad
CUST2347,Male,28,West,48,72079.36,3,1,Active,33669.14,No,March 3 2022,Aug 5 2023,Bad
CUST2348,Female,21,West,25,41408.12,1,No,1,61325.46,No,15-01-2020,10-07-2023,Good
CUST2349,Female,19,West,55,88818.17,3,1,0,61044.08,No,March 3 2022,Aug 5 2023, poor
CUST2350,F,42,West,54,42392.81,4,1,Inactive,87220.76,0,15-02-2021,Aug 5 2023,Good
CUST2351,Male,77,North,28,37770.64,4,Yes,0,96108.27,0,15-02-2021,10-07-2023,Bad
CUST2352,Male,24,West,6,13690.43,3,1,0,140890.57,0,15-01-2020,10-07-2023,Good
CUST2353,M,64,NORTH,21,93566.66,2,No,1,39032.74,0,March 3 2022,Aug 5 2023, poor
CUST2354,Male,34,East,51,48676.57,2,1,0,87220.76,0,15-01-2020,Aug 5 2023,excellent 
CUST2355,F,75,East,29,81493.48,1,1,1,59896.99,No,15-02-2021,Aug 5 2023,excellent 
CUST2356,Female,58,West,48,93407.87,3,No,0,114345.27,0,15-02-2021,Aug 5 2023,excellent 
CUST2357,Male,51,North,36,56087.54,3,0,0,92576.78,0,15-02-2021,Aug 5 2023, poor
CUST2358,Male,71,North,37,4653.65,1,No,Inactive,87343.76,0,15-02-2021,Aug 5 2023, poor
CUST2359,Female,66,south ,29,56514.76,4,1,0,43589.59,Yes,15-02-2021,10-07-2023, poor
CUST2360,Female,32,south ,8,73419.12,3,1,0,122253.93,0,March 3 2022,10-06-2023,excellent 
CUST2361,M,65,West,18,84257.73,1,No,0,28276.53,1,March 3 2022,Aug 5 2023,Good
CUST2362,F,57,South,44,68203.54,4,Yes,Active,146733.57,No,15-01-2020,10-07-2023, poor
CUST2363,Male,40,south ,32,84502.53,2,1,Active,144229.72,No,15-02-2021,Aug 5 2023, poor
CUST2364,Male,41,East,48,48676.57,1,No,1,32200.41,0,15-01-2020,Aug 5 2023, poor
CUST2365,Female,29,North,24,39014.11,1,Yes,Inactive,29065.13,0,March 3 2022,10-07-2023, poor
CUST2366,Male,28,NORTH,25,29911.38,1,1,1,82162.62,No,March 3 2022,Aug 5 2023,Bad
CUST2367,Male,72,NORTH,55,2366.72,4,1,0,49848.06,0,15-02-2021,10-07-2023,Good
CUST2368,M,77,North,36,36755.78,2,No,Inactive,59124.02,0,15-02-2021,Aug 5 2023, poor
CUST2369,Male,56,West,26,656.56,3,Yes,Inactive,132125.4,0,15-01-2020,10-06-2023, poor
CUST2370,Male,78,North,43,50593.84,2,Yes,1,52974.35,0,15-01-2020,10-06-2023,excellent 
CUST2371,Male,27,West,48,70.87,3,0,0,59569.09,No,March 3 2022,10-07-2023,Good
CUST2372,Male,61,South,15,30035.27,2,0,Inactive,139188.78,No,15-02-2021,Aug 5 2023,Average
CUST2373,Female,54,West,43,7539.55,4,1,0,76522.06,0,15-01-2020,Aug 5 2023,Average
CUST2374,F,46,West,6,95913.36,2,0,Inactive,65451.78,No,March 3 2022,10-06-2023,Average
CUST2375,Male,39,south ,29,34880.35,4,No,Inactive,104712.65,No,15-01-2020,10-06-2023,Bad
CUST2376,Male,55,North,22,34544.9,2,Yes,Inactive,95293.67,1,15-01-2020,Aug 5 2023, poor
CUST2377,Female,57,North,30,41797.84,1,1,1,124418.85,No,15-01-2020,Aug 5 2023,Good
CUST2378,Female,59,North,57,21635.64,2,0,Active,104086.44,No,15-01-2020,10-06-2023,Bad
CUST2379,F,54,south ,10,48676.57,2,1,0,95147.8,0,March 3 2022,Aug 5 2023,Good
CUST2380,F,77,North,51,98226.25,1,0,Active,149823.91,No,15-01-2020,Aug 5 2023,Good
CUST2381,Female,45,South,9,26343.48,2,1,1,32389.68,No,15-01-2020,Aug 5 2023, poor
CUST2382,Male,71,West,17,64781.13,1,1,1,134463.31,No,15-02-2021,Aug 5 2023,Good
CUST2383,M,58,south ,42,21595.18,4,0,1,95323.93,0,15-01-2020,Aug 5 2023,Average
CUST2384,F,19,south ,30,18028.49,1,No,0,73513.5,No,15-01-2020,10-07-2023,Good
CUST2385,Male,77,south ,21,96834.72,2,0,0,87220.76,No,March 3 2022,10-06-2023,Average
CUST2386,Female,63,East,7,88156.74,4,1,0,38581.61,0,15-02-2021,10-07-2023,Average
CUST2387,Male,56,North,50,26928.57,1,1,0,61727.56,0,15-02-2021,Aug 5 2023,Good
CUST2388,Male,25,East,41,55089.8,1,1,Inactive,117725.14,0,15-01-2020,Aug 5 2023, poor
CUST2389,Female,48,East,12,81127.01,2,0,1,126674.19,No,15-02-2021,Aug 5 2023,Average
CUST2390,Male,76,NORTH,19,15109.83,1,No,0,39973.93,No,15-01-2020,10-07-2023,Good
CUST2391,Male,52,South,14,76697.7,3,0,Active,76993.33,No,15-01-2020,Aug 5 2023,Good
CUST2392,M,67,south ,12,20922.52,4,0,Inactive,115481.67,No,15-01-2020,10-07-2023,excellent 
CUST2393,Male,46,East,22,86265.82,1,No,Active,103054.73,0,March 3 2022,10-06-2023,Good
CUST2394,Female,45,East,1,3503.69,1,0,0,87220.76,0,15-01-2020,10-06-2023, poor
CUST2395,Male,67,West,1,92909.08,2,1,1,63194.67,0,15-01-2020,Aug 5 2023, poor
CUST2396,M,28,West,14,48627.43,1,Yes,1,89279.31,No,15-01-2020,10-07-2023, poor
CUST2397,Male,65,East,27,89297.63,2,No,0,120149.91,0,15-01-2020,10-07-2023,excellent 
CUST2398,Male,59,West,42,53042.45,4,1,0,80620.89,0,March 3 2022,Aug 5 2023,Bad
CUST2399,Male,58,south ,35,21270.72,2,0,0,104542.56,0,15-01-2020,Aug 5 2023,Good
CUST2400,F,57,West,6,50036.88,3,1,1,101436.81,No,15-02-2021,Aug 5 2023, poor
CUST2401,F,58,South,55,41901.65,1,0,Active,78124.19,0,15-02-2021,10-07-2023,Good
CUST2402,Female,24,West,7,68540.79,3,1,Active,129981.24,Yes,15-02-2021,10-06-2023, poor
CUST2403,Male,46,south ,11,95337.24,4,1,Active,94685.41,0,15-01-2020,10-06-2023,Average
CUST2404,F,52,East,14,54770.57,1,Yes,Active,87220.76,0,15-01-2020,Aug 5 2023,Average
CUST2405,M,76,NORTH,46,48676.57,2,0,Inactive,121799.42,0,15-01-2020,Aug 5 2023, poor
CUST2406,Male,49,North,46,54217.92,4,0,1,58859.45,0,15-01-2020,10-07-2023,Good
CUST2407,Male,31,West,15,13133.8,1,Yes,0,54869.99,0,15-02-2021,Aug 5 2023,Good
CUST2408,F,73,North,46,50525.74,3,No,1,141389.85,No,15-01-2020,10-07-2023,Good
CUST2409,Male,64,East,18,23831.71,1,0,0,127578.63,No,March 3 2022,Aug 5 2023, poor
CUST2410,Male,52,South,52,48676.57,2,0,0,146665.62,0,15-02-2021,Aug 5 2023,Bad
CUST2411,Male,40,South,36,48676.57,2,No,Inactive,135730.41,0,15-01-2020,Aug 5 2023,Good
CUST1000,Female,45,south ,19,62300.61,3,1,Active,139526.1,0,15-01-2020,10-07-2023,Good
CUST2413,Male,41,West,21,38902.19,1,Yes,Active,107921.86,No,March 3 2022,10-06-2023,Good
CUST2414,M,77,south ,45,79639.58,1,1,0,87220.76,0,15-02-2021,10-06-2023,Bad
CUST2415,Male,78,East,29,48676.57,2,No,Inactive,84846.53,No,15-01-2020,10-06-2023,Good
CUST2416,Female,41,south ,48,23567.21,2,1,0,99332.37,No,15-01-2020,10-06-2023, poor
CUST2417,F,18,South,12,74189.42,1,0,0,116042.35,No,March 3 2022,Aug 5 2023, poor
CUST2418,Male,53,South,13,93429.69,4,0,0,64911.95,0,15-01-2020,Aug 5 2023,Bad
CUST2419,Male,50,West,31,57067.12,2,1,1,48501.74,No,15-01-2020,Aug 5 2023, poor
CUST2420,Male,36,south ,56,56643.37,3,0,0,22171.83,No,March 3 2022,10-06-2023,excellent 
CUST2421,Male,50,NORTH,42,84186.65,2,1,1,128500.86,1,March 3 2022,10-07-2023, poor
CUST2422,Female,43,South,46,48676.57,2,1,1,56411.01,0,15-02-2021,Aug 5 2023,Bad
CUST2423,Male,78,South,13,35730.01,2,Yes,1,87220.76,No,15-01-2020,Aug 5 2023,Good
CUST2424,Male,49,South,13,95302.78,3,No,0,39238.49,0,15-01-2020,Aug 5 2023,Good
CUST2425,M,36,NORTH,11,78003.79,4,No,Inactive,59741.04,No,15-01-2020,10-07-2023, poor
CUST2426,M,68,south ,11,97068.04,3,1,0,31526.71,0,15-01-2020,10-06-2023,Bad
CUST2427,Male,20,West,3,3803.21,1,0,Active,48740.51,0,15-01-2020,10-06-2023,Bad
CUST2428,F,40,South,54,35740.35,2,0,Active,87220.76,No,15-01-2020,10-07-2023,Bad
CUST2429,Male,77,south ,51,29374.07,2,No,0,116476.51,No,March 3 2022,10-06-2023,Good
CUST2430,M,22,East,27,75160.46,1,1,Inactive,144558.55,No,March 3 2022,Aug 5 2023,Average
CUST2431,F,79,East,16,18824.67,4,1,0,50573.23,0,15-01-2020,Aug 5 2023,Bad
CUST2432,Female,38,south ,27,8553.82,2,Yes,Inactive,25646.06,0,15-01-2020,10-07-2023,Good
CUST1000,F,60,south ,2,57833.71,1,1,Active,91897.09,0,15-01-2020,Aug 5 2023,Good
CUST2434,Female,65,South,8,96810.02,2,1,1,100445.46,0,15-01-2020,10-07-2023, poor
CUST2435,Male,22,North,48,48676.57,3,1,0,87220.76,0,15-01-2020,Aug 5 2023,Good
CUST2436,M,71,south ,16,27929.11,1,0,0,126314.92,0,15-01-2020,10-07-2023,Good
CUST2437,F,37,NORTH,20,48676.57,4,1,0,130274.36,0,15-01-2020,Aug 5 2023, poor
CUST2438,Male,68,West,28,61458.77,2,1,Inactive,27671.58,0,March 3 2022,10-07-2023,excellent 
CUST2439,Male,19,south ,57,48676.57,1,No,Inactive,38717.77,0,15-01-2020,10-06-2023,Average
CUST1000,Male,55,East,22,82616.68,2,No,1,117723.6,1,15-01-2020,Aug 5 2023,Bad
CUST2441,Female,55,south ,10,33884.92,4,Yes,0,110208.37,No,15-02-2021,Aug 5 2023, poor
CUST2442,Male,71,NORTH,54,59546.33,4,0,1,94597.6,0,15-01-2020,Aug 5 2023,Bad
CUST2443,Male,22,South,45,14971.02,2,1,Inactive,57839.37,0,15-01-2020,10-06-2023,Average
CUST2444,Male,78,South,57,2385.62,4,1,Active,133836.6,0,15-01-2020,10-06-2023,Bad
CUST2445,Female,53,south ,54,72909.1,2,Yes,0,60862.01,0,15-02-2021,10-07-2023,Average
CUST2446,Male,75,East,56,68237.23,4,No,0,126605.73,0,15-01-2020,10-07-2023,excellent 
CUST2447,Male,63,South,45,836.27,1,No,Inactive,87123.58,0,15-02-2021,Aug 5 2023,Bad
CUST2448,Male,46,south ,20,25390.36,2,No,Active,29658.17,No,15-01-2020,10-07-2023,Good
CUST2449,Male,55,East,16,61321.84,2,1,1,35622.89,No,15-02-2021,10-07-2023,Average
CUST2450,M,44,West,33,48676.57,2,1,0,39527.35,0,15-02-2021,10-06-2023, poor
CUST2451,Female,44,south ,17,61849.84,2,1,1,76904.56,0,15-01-2020,Aug 5 2023, poor
CUST2452,Male,22,south ,37,58581.95,4,No,0,121450.21,0,15-01-2020,10-07-2023,excellent 
CUST2453,Female,55,West,32,68673.13,3,Yes,0,140552.78,No,15-01-2020,10-07-2023,Good
CUST2454,Male,58,south ,40,59187.21,1,1,Active,92080.55,0,15-02-2021,10-07-2023,Good
CUST2455,Male,35,East,12,34488.7,4,1,0,75193.93,0,March 3 2022,10-06-2023,Bad
CUST1000,Male,54,West,49,21833.78,3,1,0,68540.5,0,March 3 2022,Aug 5 2023,Average
CUST2457,M,57,West,8,83232.39,4,Yes,Inactive,115635.85,No,15-01-2020,10-07-2023,Good
CUST2458,Female,21,south ,19,56500.19,4,No,Inactive,72034.81,0,March 3 2022,10-06-2023,Good
CUST2459,Male,75,south ,9,48574.22,2,1,Inactive,119919.63,0,15-01-2020,10-07-2023,Bad
CUST2460,Male,21,North,32,48676.57,3,Yes,Active,135720.9,1,15-01-2020,10-07-2023,excellent 
CUST2461,F,62,West,13,26340.89,3,No,0,135597.84,0,15-02-2021,Aug 5 2023, poor
CUST2462,M,68,South,34,87585.09,3,No,1,22756.9,No,March 3 2022,Aug 5 2023,excellent 
CUST2463,F,41,North,12,28001.25,4,No,Inactive,140421.17,0,15-02-2021,Aug 5 2023,Bad
CUST2464,Male,44,south ,45,50483.22,2,1,0,89566.86,0,March 3 2022,Aug 5 2023,Good
CUST2465,Male,19,NORTH,52,83002.7,2,Yes,0,62662.2,0,15-01-2020,Aug 5 2023,excellent 
CUST2466,M,60,East,39,43625.54,2,0,0,74672.58,0,15-01-2020,Aug 5 2023,Average
CUST2467,Male,35,South,31,99775.59,2,1,0,57986.76,0,15-01-2020,10-07-2023,excellent 
CUST2468,F,62,south ,8,97243.64,1,Yes,Active,48992.06,0,15-01-2020,Aug 5 2023,Bad
CUST2469,Female,68,East,20,65942.12,1,No,1,65377.61,0,15-01-2020,Aug 5 2023,Good
CUST2470,Female,30,North,28,8896.26,2,0,Inactive,94181.04,0,15-01-2020,Aug 5 2023, poor
CUST2471,F,26,south ,44,14096.82,1,No,0,24170.88,No,March 3 2022,Aug 5 2023,Bad
CUST2472,F,18,South,29,61260.7,2,No,0,101189.58,No,15-01-2020,10-06-2023,Good
CUST2473,M,60,North,55,90469.33,3,1,0,28676.26,0,15-01-2020,Aug 5 2023,excellent 
CUST2474,Male,37,West,27,91904.32,2,0,0,65963.34,No,March 3 2022,Aug 5 2023, poor
CUST2475,Male,73,West,44,32199.08,2,No,1,142586.01,No,15-01-2020,10-06-2023, poor
CUST2476,Female,69,south ,20,32386.45,1,No,Inactive,87220.76,No,15-01-2020,Aug 5 2023, poor
CUST2477,Male,38,North,44,48676.57,2,No,0,108492.33,0,15-01-2020,10-06-2023,excellent 
CUST2478,F,42,south ,43,55766.49,2,1,1,70481.63,No,15-02-2021,10-06-2023, poor
CUST2479,Male,51,south ,31,5527.91,1,1,Active,145955.93,No,15-01-2020,10-07-2023,excellent 
CUST2480,Male,20,North,33,28679.65,2,1,Inactive,67224.28,No,15-01-2020,Aug 5 2023, poor
CUST2481,Male,61,West,23,15356.55,4,No,0,91422.79,Yes,15-01-2020,10-07-2023,Bad
CUST2482,Male,69,West,56,57731.59,3,0,Active,96795.75,0,15-01-2020,10-07-2023, poor
CUST2483,F,34,NORTH,30,92442.2,1,No,0,70831.87,0,March 3 2022,10-07-2023,Bad
CUST2484,Male,59,south ,29,81405.64,2,0,1,100588.6,No,15-02-2021,Aug 5 2023,Average
CUST2485,Male,37,West,15,85759.8,4,0,Active,54935.73,0,15-01-2020,10-07-2023,excellent 
CUST2486,Male,47,south ,31,48676.57,3,1,1,122843.67,No,15-01-2020,Aug 5 2023,excellent 
CUST2487,M,79,south ,48,48676.57,4,No,0,104851.5,No,15-01-2020,10-07-2023,excellent 
CUST2488,Male,36,NORTH,52,76205.26,2,No,0,101043.59,No,15-01-2020,10-07-2023, poor
CUST2489,F,79,South,15,98562.88,3,1,0,96792.83,No,15-01-2020,10-06-2023, poor
CUST2490,Male,54,south ,21,21180.52,3,No,0,88848.89,No,15-01-2020,Aug 5 2023,Good
CUST2491,M,57,south ,52,59060.15,2,1,1,56794.58,0,15-02-2021,10-07-2023, poor
CUST2492,Female,69,West,5,23195.94,4,Yes,0,110312.05,No,15-02-2021,Aug 5 2023,Good
CUST2493,Male,24,south ,36,60967.65,3,No,0,53017.25,0,15-01-2020,Aug 5 2023,Average
CUST2494,Male,37,NORTH,49,21634.04,3,1,1,133496.01,No,15-01-2020,10-06-2023,Good
CUST2495,Male,29,south ,27,67148.83,2,Yes,1,67219.36,0,15-01-2020,Aug 5 2023, poor
CUST2496,Female,19,south ,54,74983.15,3,Yes,0,62607.81,No,15-01-2020,Aug 5 2023,excellent 
CUST2497,Female,73,East,11,27275.01,2,No,0,61473.92,No,15-01-2020,10-07-2023,Good
CUST2498,Male,34,South,32,74070.8,4,Yes,0,68445.2,0,15-02-2021,10-06-2023,Good
CUST2499,Female,63,North,53,68721.74,2,Yes,0,79981.88,0,15-01-2020,Aug 5 2023,Good
CUST2500,Male,69,South,35,12787.49,2,1,0,91285.78,0,March 3 2022,10-07-2023,Good
CUST2501,Male,20,East,3,13176.58,4,1,1,74960.44,0,15-02-2021,Aug 5 2023,Good
CUST2502,Female,74,south ,45,25744.88,1,No,Active,140289.48,1,15-01-2020,10-06-2023,Bad
CUST2503,Male,73,East,9,75277.13,3,Yes,1,97474.94,0,March 3 2022,Aug 5 2023,Bad
CUST2504,Female,59,East,55,42624.22,2,Yes,0,121577.87,0,15-01-2020,Aug 5 2023,Average
CUST1000,Male,29,North,37,76320.6,2,1,0,37048.11,0,15-02-2021,Aug 5 2023,Bad
CUST2506,Male,24,South,48,32300.33,3,1,Active,24105.83,0,15-02-2021,10-07-2023, poor
CUST2507,Female,51,West,5,49360.94,2,1,Inactive,93255.39,0,15-02-2021,Aug 5 2023,Good
CUST2508,Male,27,south ,31,82945.3,4,No,1,132510.88,No,15-01-2020,Aug 5 2023,Bad
CUST2509,Male,30,south ,26,40621.75,2,0,0,90725.88,0,15-02-2021,Aug 5 2023, poor
CUST1000,M,56,south ,15,71263.04,1,1,0,135658.37,0,15-02-2021,Aug 5 2023, poor
CUST2511,Male,30,North,28,47797.48,2,No,Inactive,146828.11,No,15-02-2021,10-07-2023,Good
CUST2512,M,67,south ,52,49888.26,3,Yes,Active,122546.36,No,15-02-2021,Aug 5 2023, poor
CUST2513,Female,54,NORTH,10,48676.57,2,Yes,1,111523.68,No,15-01-2020,10-07-2023,Bad
CUST2514,Male,44,south ,9,79676.77,2,1,0,124848.26,No,March 3 2022,Aug 5 2023,Good
CUST2515,Male,53,south ,34,97016.65,4,1,Inactive,100970.19,No,15-01-2020,Aug 5 2023,Good
CUST2516,M,64,North,55,23709.24,4,0,0,124201.03,0,15-01-2020,10-07-2023,excellent 
CUST2517,Male,45,North,1,36252.78,2,No,Inactive,42047.69,0,15-02-2021,Aug 5 2023,Bad
CUST2518,Male,29,West,51,48676.57,3,No,Active,96343.68,1,15-01-2020,10-06-2023,excellent 
CUST2519,Male,21,south ,36,83304.56,2,1,1,87220.76,No,15-01-2020,10-06-2023,Average
CUST2520,Male,18,West,25,48676.57,3,No,Active,32228.54,No,15-01-2020,Aug 5 2023, poor
CUST2521,M,54,East,56,30309.68,4,0,1,79125.13,No,March 3 2022,Aug 5 2023, poor
CUST2522,Male,37,south ,51,82160.33,2,Yes,Inactive,56123.39,0,15-02-2021,10-06-2023,Average
CUST2523,F,27,south ,11,28934.67,3,No,Active,148451.2,1,15-01-2020,Aug 5 2023,Good
CUST2524,Male,66,NORTH,42,10605.97,2,1,0,58334.51,No,15-01-2020,10-06-2023,Good
CUST2525,M,48,East,21,48676.57,4,Yes,Inactive,101477.84,No,15-02-2021,10-07-2023,Good
CUST2526,Female,64,south ,5,48676.57,2,Yes,0,31342.97,No,15-02-2021,10-06-2023,excellent 
CUST2527,Male,51,East,1,78025.62,2,No,0,122420.29,No,15-01-2020,10-06-2023,excellent 
CUST2528,F,60,North,39,13565.95,2,0,Active,86096.33,0,15-02-2021,Aug 5 2023,Average
CUST2529,F,79,NORTH,20,19514.93,4,Yes,0,144662.47,0,March 3 2022,Aug 5 2023,Bad
CUST2530,Female,79,East,51,66759.84,2,0,Inactive,105766.2,No,March 3 2022,10-06-2023,Bad
CUST2531,Male,18,North,7,904.84,3,1,1,71025.1,No,15-01-2020,Aug 5 2023,Average
CUST2532,F,21,West,24,35295.85,3,1,1,93222.03,0,15-02-2021,Aug 5 2023,Good
CUST2533,M,61,West,24,81151.62,3,1,1,106062.92,0,15-01-2020,Aug 5 2023,Good
CUST2534,M,39,South,23,68042.41,2,0,1,26726.26,0,15-01-2020,Aug 5 2023,Good
CUST2535,Male,39,East,15,23046.81,2,Yes,Active,27976.89,0,15-01-2020,Aug 5 2023,excellent 
CUST2536,Female,42,West,25,68935.99,2,No,1,116577.87,No,15-02-2021,10-06-2023, poor
CUST2537,F,61,south ,53,67801.47,4,1,0,35003.32,0,15-01-2020,Aug 5 2023,Good
CUST2538,Male,69,North,23,48676.57,4,0,Inactive,34428.27,No,15-01-2020,Aug 5 2023,excellent 
CUST2539,F,45,East,26,5614.79,4,Yes,Active,138923.73,0,15-01-2020,10-07-2023,Average
CUST2540,Male,18,south ,25,52885.7,4,Yes,Active,128879.08,0,15-02-2021,Aug 5 2023, poor
CUST2541,F,68,NORTH,36,48676.57,2,1,Active,126996.79,No,15-02-2021,10-07-2023, poor
CUST2542,Male,60,West,3,91419.3,2,Yes,1,119719.66,0,15-01-2020,Aug 5 2023,Average
CUST2543,F,38,North,53,62722.6,1,Yes,Inactive,116215.1,No,March 3 2022,Aug 5 2023,Average
CUST2544,F,54,south ,50,85559.68,2,Yes,0,136646.02,No,15-02-2021,Aug 5 2023,Good
CUST2545,F,39,South,22,83346.25,2,1,Active,89902.46,No,15-01-2020,10-07-2023,Bad
CUST2546,Male,43,south ,6,71601.94,3,No,0,89322.18,No,15-01-2020,10-07-2023,Good
CUST2547,Male,24,south ,40,52525.67,2,1,0,118823.38,0,15-01-2020,Aug 5 2023,excellent 
CUST2548,F,38,North,47,48676.57,4,No,Inactive,40518.62,0,15-01-2020,10-06-2023,excellent 
CUST2549,Male,66,South,49,68346.33,2,1,0,106897.04,No,15-01-2020,Aug 5 2023, poor
CUST2550,Male,29,south ,4,73422.93,1,Yes,1,124065.61,1,15-01-2020,10-07-2023, poor
CUST2551,Female,77,North,24,88784.62,4,0,Inactive,147829.66,0,15-02-2021,10-06-2023,Good
CUST2552,Male,44,North,41,8869.17,2,Yes,Inactive,100490.32,0,15-01-2020,10-06-2023,excellent 
CUST2553,Male,37,North,28,84661.72,1,1,Active,87220.76,0,15-02-2021,10-06-2023, poor
CUST2554,M,42,south ,29,55934.26,1,1,0,119334.9,No,15-02-2021,Aug 5 2023,Bad
CUST2555,Male,26,NORTH,39,16210.5,4,0,Inactive,84196.45,0,15-01-2020,10-06-2023,excellent 
CUST2556,Male,43,North,30,5488.72,3,No,0,129818.15,No,15-01-2020,Aug 5 2023,Good
CUST2557,M,73,West,48,26844.06,2,1,Active,57503.17,0,March 3 2022,10-06-2023,Bad
CUST2558,F,45,North,36,45553.11,2,0,Active,146707.54,No,15-01-2020,10-06-2023,Good
CUST2559,Male,23,South,15,74765.99,1,0,Inactive,38251.56,No,March 3 2022,10-06-2023,Average
CUST2560,Male,43,south ,24,5133.12,2,1,Active,89234.16,0,15-02-2021,10-07-2023,Good
CUST2561,F,64,North,59,7841.45,2,1,0,111841.06,No,15-01-2020,10-07-2023,Average
CUST2562,Male,32,West,51,29426.75,2,0,0,69609.46,0,15-01-2020,10-06-2023,Good
CUST2563,Female,72,South,17,45856.04,2,1,0,139473.46,Yes,March 3 2022,10-06-2023,Good
CUST2564,M,42,East,46,83370.86,2,No,0,94485.9,0,15-02-2021,Aug 5 2023,Bad
CUST2565,Female,55,NORTH,16,98264.16,4,No,0,36162.93,No,15-02-2021,10-06-2023, poor
CUST2566,Male,24,NORTH,14,99298.07,2,1,Active,61194.67,0,15-02-2021,10-06-2023, poor
CUST2567,Female,18,south ,42,53413.07,1,1,0,102073.4,0,15-02-2021,10-07-2023,Good
CUST2568,M,33,south ,38,18326.7,1,No,0,128629.39,0,March 3 2022,Aug 5 2023,excellent 
CUST2569,Male,27,East,3,52601.41,1,Yes,0,63597.16,0,15-01-2020,10-07-2023,Good
CUST2570,Female,19,South,24,40453.9,4,1,1,77135.18,0,15-01-2020,Aug 5 2023,excellent 
CUST2571,M,71,East,2,9861.82,2,1,0,122382.3,No,March 3 2022,Aug 5 2023, poor
CUST2572,Female,19,West,25,73012.09,2,No,1,64927.39,0,15-01-2020,10-06-2023, poor
CUST2573,Female,61,south ,10,43494.04,3,0,1,138571.72,0,March 3 2022,10-06-2023,Good
CUST2574,Male,58,south ,54,80585.94,4,Yes,1,113228.42,0,15-01-2020,Aug 5 2023, poor
CUST2575,M,70,NORTH,47,32089.83,4,1,Inactive,76292.83,0,March 3 2022,10-07-2023,Good
CUST2576,M,53,south ,14,1693.37,3,No,Active,75079.56,0,15-01-2020,Aug 5 2023, poor
CUST2577,Male,19,south ,27,68152.82,2,No,Inactive,112530.24,1,15-01-2020,Aug 5 2023,Good
CUST2578,Male,22,south ,15,1174.65,4,1,0,45354.47,1,March 3 2022,10-07-2023,Average
CUST2579,Male,18,East,22,96900.21,3,0,Inactive,97433.4,0,15-02-2021,10-07-2023,Good
CUST2580,M,22,South,54,84618.77,3,0,Active,117829.88,No,March 3 2022,Aug 5 2023,Average
CUST2581,F,59,NORTH,25,79906.13,2,1,Active,87220.76,0,15-01-2020,10-07-2023,Average
CUST2582,Female,69,south ,35,51119.66,2,1,0,39051.55,0,15-01-2020,Aug 5 2023,Good
CUST2583,F,37,south ,28,11703.71,2,Yes,Active,108901.46,No,March 3 2022,Aug 5 2023, poor
CUST2584,Male,31,NORTH,15,27288.18,2,0,Active,37275.76,0,15-01-2020,Aug 5 2023,excellent 
CUST2585,Female,25,North,8,15883.24,2,0,0,50402.08,0,15-02-2021,Aug 5 2023,Bad
CUST2586,Male,57,south ,18,30054.66,3,0,Active,87220.76,0,15-02-2021,Aug 5 2023,Bad
CUST2587,Female,79,East,25,49487.03,2,Yes,1,41018.14,No,15-01-2020,10-07-2023,Average
CUST2588,Female,38,North,8,69574.29,3,1,0,37463.62,0,15-02-2021,10-07-2023,Average
CUST2589,Male,21,south ,7,11087.18,2,Yes,Inactive,132919.88,No,15-02-2021,10-06-2023,Average
CUST2590,Female,78,NORTH,50,78258.97,2,Yes,Active,103384.81,0,March 3 2022,Aug 5 2023,Good
CUST2591,Male,47,south ,29,73642.85,1,1,Active,141320.45,No,15-02-2021,Aug 5 2023,Bad
CUST2592,Male,27,south ,36,6647.97,3,No,0,120872.72,0,15-01-2020,10-06-2023, poor
CUST2593,Male,64,West,56,61218.7,2,Yes,0,128407.08,No,March 3 2022,10-07-2023,excellent 
CUST2594,F,37,South,40,98334.61,3,No,0,87220.76,0,15-01-2020,10-06-2023,Good
CUST2595,M,24,south ,1,78831.64,2,0,Inactive,63168.18,0,15-01-2020,10-06-2023, poor
CUST2596,F,30,East,58,21063.33,2,No,Active,74609.75,No,March 3 2022,Aug 5 2023,Good
CUST2597,Male,50,West,51,80495.24,2,1,1,148872.67,No,15-01-2020,Aug 5 2023,Good
CUST2598,F,61,south ,57,62715.1,2,Yes,Active,135336.17,0,March 3 2022,Aug 5 2023,Good
CUST2599,Female,39,south ,56,80760.07,4,No,0,74636.67,No,March 3 2022,Aug 5 2023,Average
CUST2600,Male,34,East,28,90245.39,2,Yes,0,111849.15,0,March 3 2022,10-06-2023,Good
CUST2601,Female,25,south ,9,97152.54,2,0,0,78074.43,0,15-01-2020,10-06-2023,Average
CUST2602,F,32,West,10,93986.06,3,1,1,139501.63,No,March 3 2022,Aug 5 2023,Bad
CUST2603,Male,41,East,58,48676.57,3,1,Active,32662.55,0,15-02-2021,Aug 5 2023,Bad
CUST2604,F,57,South,51,72918.16,1,1,Active,74728.79,No,15-02-2021,10-06-2023,Good
CUST2605,M,33,south ,6,36935.34,2,1,1,67265.48,0,15-01-2020,10-07-2023,Average
CUST2606,Male,55,East,53,295.05,4,Yes,1,107690.99,No,March 3 2022,10-06-2023,excellent 
CUST2607,Male,61,NORTH,1,38218.62,3,1,0,45032.05,0,15-01-2020,Aug 5 2023,Good
CUST2608,Male,43,south ,22,25555.1,4,1,Inactive,102174.34,0,15-01-2020,10-07-2023,Average
CUST2609,Male,33,NORTH,48,21940.63,4,0,0,141641.91,0,15-01-2020,Aug 5 2023,Bad
CUST2610,Male,38,south ,25,14149.8,2,1,0,147383.47,1,March 3 2022,Aug 5 2023,Good
CUST2611,M,76,North,50,8644.85,2,No,1,66983.19,No,15-01-2020,Aug 5 2023, poor
CUST2612,Male,48,North,20,33832.71,2,1,Inactive,87860.35,No,15-01-2020,10-06-2023,Good
CUST2613,Female,73,south ,32,76791.76,4,1,0,93024.29,No,15-01-2020,10-06-2023,excellent 
CUST2614,Male,63,south ,7,3872.61,2,1,Active,87220.76,No,15-02-2021,Aug 5 2023,Good
CUST2615,Male,52,South,13,16676.7,3,1,Inactive,55329.04,No,15-01-2020,Aug 5 2023,Good
CUST2616,Female,66,NORTH,26,26889.56,3,Yes,Inactive,128122.82,0,15-01-2020,10-07-2023,Average
CUST2617,F,39,East,44,13484.97,3,1,0,121059.63,0,March 3 2022,Aug 5 2023, poor
CUST2618,Male,62,East,55,82581.58,2,No,Inactive,37311.4,0,15-01-2020,Aug 5 2023,Average
CUST2619,M,21,East,20,48676.57,2,1,Active,131963.71,No,15-01-2020,Aug 5 2023, poor
CUST2620,F,33,West,7,47385.11,3,No,0,74206.4,No,15-01-2020,10-06-2023,Good
CUST2621,M,68,NORTH,48,53078.37,1,1,0,119790.28,No,15-01-2020,Aug 5 2023, poor
CUST2622,Male,54,south ,26,79899.34,2,No,Inactive,131362.15,1,15-01-2020,Aug 5 2023,Bad
CUST2623,Male,71,south ,37,43750.88,1,0,0,87220.76,No,15-02-2021,Aug 5 2023,Bad
CUST2624,M,49,West,55,29964.37,1,No,0,131159.57,No,March 3 2022,10-06-2023,excellent 
CUST2625,Male,77,East,25,34923.03,2,1,Inactive,88562.54,0,15-02-2021,Aug 5 2023, poor
CUST2626,Male,41,south ,47,730.11,2,1,1,128183.26,No,15-01-2020,10-07-2023,Bad
CUST2627,Female,38,North,22,97303.81,2,No,0,56903.93,0,15-01-2020,Aug 5 2023,Average
CUST2628,Female,40,North,51,28226.32,1,No,0,59245.24,0,15-01-2020,10-06-2023,Good
CUST2629,F,74,West,24,27831.7,4,Yes,1,21530.47,0,15-01-2020,10-06-2023,Bad
CUST2630,Male,54,south ,35,45146.58,2,1,Inactive,87220.76,No,15-02-2021,10-07-2023,Good
CUST2631,M,34,East,52,17289.16,3,0,Active,127222.93,No,March 3 2022,Aug 5 2023, poor
CUST2632,Male,73,south ,33,6031.56,4,1,1,25139.73,0,15-01-2020,10-06-2023,Bad
CUST2633,Female,52,North,3,48676.57,4,1,1,111759.44,0,15-01-2020,10-06-2023,Bad
CUST2634,Female,53,West,7,93238.29,4,Yes,0,102138.42,0,15-01-2020,Aug 5 2023,Good
CUST2635,Male,33,North,35,28182.04,3,0,1,139304.69,No,March 3 2022,10-07-2023, poor
CUST2636,M,48,NORTH,22,84791.9,2,1,Inactive,93241.63,0,15-01-2020,Aug 5 2023, poor
CUST2637,Female,64,south ,19,48676.57,4,1,1,118591.9,0,15-01-2020,Aug 5 2023, poor
CUST2638,M,50,south ,55,88600.21,2,Yes,Active,87220.76,0,15-01-2020,10-07-2023,Good
CUST2639,Male,29,NORTH,55,5421.56,1,1,0,21355.92,0,15-02-2021,Aug 5 2023, poor
CUST1000,F,23,south ,41,31165.55,4,0,Active,33490.09,0,March 3 2022,Aug 5 2023,Bad
CUST2641,Female,74,East,12,40958.57,3,0,0,27641.22,No,15-02-2021,10-06-2023,Good
CUST2642,Male,49,south ,15,96923.22,1,0,Active,23503.71,No,15-01-2020,10-07-2023,Average
CUST2643,Female,66,North,31,32181.18,4,1,Active,28674.41,1,15-01-2020,10-06-2023,Good
CUST2644,M,25,NORTH,21,86262.54,2,1,Active,133466.51,No,March 3 2022,Aug 5 2023,Good
CUST2645,Male,66,south ,16,85946.9,2,1,0,87220.76,No,15-01-2020,10-06-2023,Average
CUST2646,F,32,South,26,60707.09,4,1,Active,128966.57,1,15-01-2020,Aug 5 2023,Good
CUST2647,Male,40,East,55,96689.24,2,Yes,Active,136790.61,No,15-01-2020,10-07-2023, poor
CUST2648,Female,33,South,3,90497.46,3,1,1,47413.83,0,15-02-2021,10-06-2023,Bad
CUST1000,Male,61,south ,34,64416.99,2,1,0,87220.76,0,15-01-2020,Aug 5 2023, poor
CUST2650,M,27,South,17,88129.82,1,No,Inactive,69831.35,0,15-01-2020,Aug 5 2023, poor
CUST2651,Male,51,NORTH,6,1587,4,No,1,87220.76,No,15-01-2020,Aug 5 2023,Good
CUST2652,M,60,NORTH,3,94082.7,3,1,1,84773.44,0,15-01-2020,Aug 5 2023,excellent 
CUST2653,F,37,East,22,11294.34,4,1,Inactive,30205.87,0,15-02-2021,10-07-2023,Good
CUST2654,F,40,south ,48,17984.63,4,0,0,56787.78,0,15-01-2020,10-06-2023, poor
CUST2655,F,71,South,29,72320.91,4,1,1,44587.24,0,March 3 2022,10-06-2023, poor
CUST1000,Male,66,south ,39,42682.58,1,0,1,87220.76,0,15-01-2020,10-06-2023,Average
CUST2657,M,71,south ,37,48676.57,3,Yes,0,115914.43,0,15-01-2020,10-07-2023, poor
CUST2658,M,28,South,20,77213.52,2,No,1,77321.4,No,15-01-2020,10-07-2023,Bad
CUST2659,M,27,West,39,76765.79,3,1,Active,141430.94,0,March 3 2022,10-07-2023, poor
CUST2660,Female,37,south ,41,96582.61,2,1,1,125452.03,0,15-01-2020,Aug 5 2023,Average
CUST2661,M,76,South,35,20534.74,2,No,0,51992.72,No,15-02-2021,Aug 5 2023, poor
CUST2662,Female,72,south ,5,47011.43,1,1,1,25749.52,0,15-02-2021,10-07-2023,Bad
CUST2663,Female,32,North,43,89691.61,3,1,Active,87220.76,No,15-02-2021,10-06-2023,Good
CUST2664,Female,71,NORTH,30,56400.14,4,Yes,0,27431.57,0,March 3 2022,10-07-2023,Average
CUST2665,Male,44,East,33,15567.09,3,No,Inactive,138857.38,0,15-01-2020,10-07-2023,excellent 
CUST2666,Female,58,south ,31,71410.43,2,No,0,125307.21,0,15-01-2020,10-07-2023,Bad
CUST2667,Female,63,south ,54,31467.14,3,No,Inactive,147086.8,0,March 3 2022,Aug 5 2023,Good
CUST2668,Male,45,South,51,68873.48,2,No,Active,51323.24,0,March 3 2022,Aug 5 2023,Good
CUST2669,Female,75,East,22,49334.72,2,0,Inactive,101555.29,No,March 3 2022,Aug 5 2023, poor
CUST2670,Male,54,West,6,59718.69,4,Yes,1,87220.76,No,15-01-2020,Aug 5 2023,Good
CUST2671,Male,42,North,23,18078.37,1,Yes,Inactive,124555.02,No,15-02-2021,Aug 5 2023,excellent 
CUST2672,Male,66,South,43,42891,4,0,0,60582.04,No,15-02-2021,10-07-2023,Average
CUST2673,M,50,south ,35,93288.08,4,1,0,96767.96,0,15-02-2021,Aug 5 2023,Good
CUST2674,M,19,south ,13,3308.04,4,1,0,143702.52,0,15-01-2020,10-07-2023,Good
CUST2675,Male,38,East,40,37849.71,4,0,Inactive,132468.12,No,15-02-2021,Aug 5 2023,Average
CUST2676,Female,56,south ,57,20527.16,1,1,0,147615.31,No,15-01-2020,Aug 5 2023,Good
CUST2677,Male,31,West,42,88482.36,2,0,0,49500.95,1,15-01-2020,10-07-2023,excellent 
CUST2678,Male,47,South,28,85274.76,2,Yes,0,98033.12,0,March 3 2022,10-06-2023, poor
CUST2679,M,55,NORTH,21,48676.57,1,0,1,49681.7,0,15-01-2020,10-06-2023,Good
CUST2680,M,42,East,31,6125.33,4,No,Inactive,91087.18,0,15-01-2020,Aug 5 2023,Bad
CUST2681,Male,71,NORTH,41,83175.9,1,Yes,1,31213.43,0,15-02-2021,10-06-2023,Good
CUST2682,Male,61,West,17,46469.94,2,1,Active,48873.03,0,15-01-2020,10-06-2023,Good
CUST2683,Male,55,south ,14,37353.07,2,1,Active,58618.77,No,15-01-2020,Aug 5 2023,Average
CUST2684,M,51,south ,57,54445.36,3,1,Inactive,130610.53,No,15-01-2020,Aug 5 2023,Bad
CUST2685,Male,23,south ,24,46947.48,2,1,Active,38024.97,0,15-01-2020,10-07-2023,Good
CUST2686,F,51,East,38,34098.6,3,Yes,1,143167.85,No,15-01-2020,Aug 5 2023,excellent 
CUST2687,Female,49,North,22,53565.54,4,Yes,0,131225.62,No,March 3 2022,Aug 5 2023, poor
CUST2688,F,78,North,29,21862.08,1,1,0,44900.71,No,15-02-2021,10-07-2023, poor
CUST2689,Male,22,NORTH,28,76804.54,1,0,1,87220.76,No,March 3 2022,10-07-2023,Average
CUST2690,M,64,West,11,48676.57,4,No,0,46248.38,0,15-01-2020,10-06-2023,Good
CUST2691,M,20,South,29,62556.92,1,No,Inactive,87220.76,No,15-01-2020,Aug 5 2023,Good
CUST2692,F,71,East,10,66844.85,2,1,1,95368.03,0,March 3 2022,Aug 5 2023, poor
CUST2693,F,61,NORTH,13,15885.98,4,1,Active,109949.43,No,March 3 2022,10-06-2023,Average
CUST2694,M,66,NORTH,50,69433.82,4,0,Inactive,109525.06,0,15-01-2020,10-07-2023,excellent 
CUST2695,Male,21,South,14,84851.05,2,1,0,108634.57,No,15-02-2021,10-07-2023, poor
CUST2696,F,44,NORTH,54,400.51,1,1,Inactive,24091.67,0,15-01-2020,Aug 5 2023,Bad
CUST2697,Male,18,south ,59,88823.88,2,0,1,48410.63,0,15-01-2020,10-07-2023,excellent 
CUST2698,Female,71,NORTH,59,76935.55,3,0,0,135400.31,0,March 3 2022,10-07-2023,Good
CUST2699,F,73,NORTH,41,44958.49,1,0,Inactive,87220.76,No,March 3 2022,Aug 5 2023,excellent 
CUST2700,Female,52,East,17,80590.02,4,0,0,77655.66,No,15-01-2020,10-07-2023, poor
CUST2701,Female,29,East,41,27035.57,2,1,Active,60735.29,0,15-01-2020,Aug 5 2023,Good
CUST2702,Female,39,North,21,79514.02,4,1,1,115243.71,0,15-01-2020,10-06-2023,Bad
CUST2703,F,23,North,10,53876.58,2,1,0,71819.88,0,15-02-2021,Aug 5 2023,excellent 
CUST2704,M,67,West,58,69287.87,2,0,Inactive,36235.83,No,15-02-2021,Aug 5 2023,Good
CUST2705,M,20,North,46,15901.9,2,0,0,24190.14,Yes,15-02-2021,Aug 5 2023,Good
CUST2706,Female,66,South,40,43488.17,4,1,1,87220.76,No,15-01-2020,10-06-2023,Good
CUST2707,Female,20,NORTH,51,42725.12,2,1,Active,112839.72,0,15-01-2020,Aug 5 2023,Good
CUST2708,Male,27,South,55,29886.3,1,1,0,94129.1,0,15-01-2020,10-07-2023,Good
CUST2709,Male,21,North,1,84143.18,4,1,0,116748.49,No,March 3 2022,Aug 5 2023, poor
CUST2710,M,68,North,45,70536.28,3,0,Active,32623.25,No,March 3 2022,Aug 5 2023,Bad
CUST2711,Female,25,south ,4,71104.59,2,No,1,21271.21,0,15-02-2021,10-07-2023,Bad
CUST2712,F,48,East,13,48676.57,3,1,0,87220.76,0,March 3 2022,10-06-2023,Good
CUST2713,Male,49,North,43,17946.56,1,0,0,81260.37,No,15-01-2020,Aug 5 2023,Good
CUST2714,Male,24,East,29,157.82,3,1,Active,87220.76,No,15-02-2021,10-07-2023, poor
CUST2715,M,64,West,11,18870.29,2,0,1,96151.79,No,15-02-2021,Aug 5 2023,Good
CUST2716,Male,71,south ,51,83560.56,1,1,1,139501.67,0,March 3 2022,10-07-2023,Bad
CUST2717,F,66,East,53,73285.32,2,1,0,33187.46,0,15-02-2021,10-07-2023,Bad
CUST2718,M,25,West,16,2915.21,2,Yes,1,105932.56,0,15-01-2020,10-07-2023, poor
CUST2719,Male,70,south ,40,48639.8,2,No,0,105836.66,No,15-01-2020,10-07-2023,Average
CUST2720,Male,73,East,52,77683.24,1,No,Active,92786.03,No,15-02-2021,Aug 5 2023,Good
CUST2721,M,48,south ,1,39616.69,2,No,Inactive,129053,1,15-02-2021,Aug 5 2023,Good
CUST2722,F,67,South,28,66284.57,1,0,0,48320.29,No,March 3 2022,10-07-2023,Average
CUST2723,Female,76,south ,17,77196.03,4,1,0,87220.76,No,15-01-2020,10-07-2023,Average
CUST2724,Male,30,south ,7,27906.58,2,No,0,144853.54,0,15-01-2020,10-06-2023,Good
CUST2725,Female,39,south ,51,63748.63,2,0,Inactive,84046.49,No,15-01-2020,10-07-2023,Good
CUST2726,Female,54,south ,56,71423.31,2,Yes,Inactive,87220.76,0,March 3 2022,10-07-2023,Average
CUST2727,Male,42,East,22,36323.27,1,1,Inactive,57900.81,No,15-02-2021,Aug 5 2023,Good
CUST2728,Male,41,south ,43,15184.55,4,1,Active,146060.72,No,15-01-2020,10-06-2023, poor
CUST2729,Male,77,West,37,21312.08,3,1,0,87220.76,0,March 3 2022,10-06-2023,excellent 
CUST2730,F,76,south ,3,12213.19,2,No,0,145498.26,No,March 3 2022,Aug 5 2023, poor
CUST1000,M,22,south ,44,36304.59,4,No,1,54066.82,Yes,March 3 2022,10-06-2023,Average
CUST2732,F,67,south ,32,2898.08,2,0,Inactive,52329.22,0,15-01-2020,Aug 5 2023,Good
CUST2733,Male,60,south ,52,84928.42,4,1,Active,136304.11,0,15-01-2020,Aug 5 2023,excellent 
CUST2734,Male,47,South,30,83202.72,2,0,1,91207.57,0,March 3 2022,10-06-2023, poor
CUST2735,Male,43,South,41,17366.46,3,No,0,94987.89,0,15-02-2021,Aug 5 2023,Bad
CUST2736,Male,62,NORTH,8,67140.19,4,1,0,84676.9,No,15-01-2020,Aug 5 2023,excellent 
CUST2737,F,29,south ,41,23022.55,2,0,1,128785.76,0,March 3 2022,10-07-2023,Good
CUST2738,Male,37,North,15,92917.35,2,Yes,Inactive,72844.78,0,March 3 2022,10-06-2023, poor
CUST2739,F,19,South,43,65344.08,2,Yes,Inactive,125288.58,0,15-02-2021,Aug 5 2023,Good
CUST2740,F,72,NORTH,35,74427.78,2,No,0,112894,0,15-01-2020,Aug 5 2023,excellent 
CUST2741,Male,25,NORTH,13,13670.72,3,1,Active,88354.64,No,15-01-2020,10-06-2023, poor
CUST2742,Male,19,South,20,97332.1,2,No,Inactive,26309.4,No,15-02-2021,Aug 5 2023, poor
CUST2743,Female,22,South,46,77035.58,3,0,Active,148726.98,0,15-01-2020,10-07-2023, poor
CUST2744,M,77,West,55,48676.57,3,1,0,47101.13,No,15-02-2021,10-07-2023,Average
CUST2745,Female,64,south ,31,53602.99,3,0,0,129724.7,0,15-01-2020,Aug 5 2023,Bad
CUST2746,Female,24,North,42,44716.04,1,1,Active,87220.76,0,March 3 2022,Aug 5 2023,Average
CUST2747,Female,59,East,32,30374.94,2,0,1,81216.03,0,March 3 2022,Aug 5 2023,Good
CUST2748,F,70,East,7,70823,2,1,Active,87220.76,0,15-01-2020,10-06-2023,excellent 
CUST2749,F,27,NORTH,47,48676.57,1,No,Active,50507.61,No,15-02-2021,Aug 5 2023,Good
CUST2750,Female,38,South,11,40216.11,2,No,Inactive,91788.6,0,15-02-2021,Aug 5 2023,Average
CUST1000,M,50,NORTH,56,24967.89,3,0,1,87220.76,1,15-01-2020,Aug 5 2023,Bad
CUST2752,M,42,south ,34,50475.09,1,0,0,94950.08,0,15-02-2021,Aug 5 2023,Average
CUST1000,F,76,south ,33,48676.57,1,No,1,129729.32,0,15-01-2020,Aug 5 2023,Good
CUST2754,Male,32,South,40,52938.84,3,0,0,91147.13,No,15-02-2021,Aug 5 2023,excellent 
CUST2755,M,25,south ,10,45545.1,4,Yes,1,21238.03,Yes,15-01-2020,Aug 5 2023,Good
CUST2756,F,62,South,6,81803.62,3,1,1,87922.86,0,15-01-2020,10-07-2023,Good
CUST2757,M,65,south ,5,88127.85,2,1,1,61589.12,No,15-02-2021,10-07-2023,Bad
CUST2758,Male,79,South,42,77072.92,2,Yes,Inactive,107960.56,No,March 3 2022,Aug 5 2023, poor
CUST2759,F,73,North,17,99770.48,1,1,0,90533.26,0,15-02-2021,Aug 5 2023, poor
CUST2760,M,67,East,51,18635.46,1,0,1,94934.03,0,15-01-2020,10-07-2023, poor
CUST2761,Male,33,North,23,18148.99,3,0,Active,87220.76,No,15-01-2020,Aug 5 2023,Average
CUST2762,Male,54,south ,16,56778.46,2,1,Inactive,121864.02,1,15-01-2020,Aug 5 2023,Good
CUST2763,M,47,NORTH,41,35656.92,1,1,0,34580.4,No,15-01-2020,Aug 5 2023,excellent 
CUST2764,Male,26,NORTH,8,87154.94,2,1,Inactive,139417.25,No,15-01-2020,Aug 5 2023,Good
CUST2765,Male,54,West,54,48676.57,4,Yes,0,142561.71,0,15-01-2020,10-06-2023,Average
CUST2766,F,58,East,35,45729.74,4,1,Inactive,87220.76,No,March 3 2022,10-06-2023,Bad
CUST2767,F,19,North,40,99336.3,1,No,Active,128857.51,0,15-02-2021,Aug 5 2023,excellent 
CUST1000,Female,54,North,26,48676.57,3,Yes,Inactive,69307.28,No,15-02-2021,Aug 5 2023,excellent 
CUST2769,M,25,East,47,61085.51,2,No,0,123183.97,0,15-01-2020,Aug 5 2023,Bad
CUST2770,Male,77,south ,27,8589.78,3,1,0,60651.42,0,15-01-2020,Aug 5 2023,excellent 
CUST2771,M,69,south ,23,24471.83,3,1,0,129255.82,0,15-01-2020,10-07-2023,excellent 
CUST2772,Male,49,West,6,15347.22,2,No,0,28620.32,0,15-01-2020,Aug 5 2023, poor
CUST2773,M,73,south ,41,33647.6,2,1,1,52269.68,0,15-02-2021,10-07-2023,Bad
CUST2774,Male,18,south ,55,95687.59,2,1,0,83835.33,No,15-02-2021,Aug 5 2023,Good
CUST2775,Female,50,East,56,73618.7,2,No,Inactive,104044.39,0,15-01-2020,10-07-2023,Good
CUST2776,Male,46,South,47,26736.15,2,1,0,113683.23,No,15-02-2021,Aug 5 2023,Good
CUST2777,Male,74,West,56,72693.47,3,No,0,71437.07,0,15-02-2021,10-07-2023,Average
CUST2778,Male,69,south ,18,60427.8,2,0,Inactive,110616.62,No,March 3 2022,10-06-2023,excellent 
CUST2779,Male,76,North,25,48163.06,4,1,0,50627.76,No,15-01-2020,10-07-2023,Good
CUST2780,Male,66,south ,49,37117.2,2,1,0,44166.25,No,15-01-2020,10-07-2023,excellent 
CUST2781,M,53,East,8,77060.9,2,Yes,Inactive,20839.56,0,15-01-2020,Aug 5 2023,Good
CUST2782,Female,27,NORTH,28,62285.07,2,1,0,35286.12,0,March 3 2022,10-06-2023,excellent 
CUST2783,F,21,south ,38,3149.31,3,0,0,52266.44,0,15-01-2020,10-06-2023,Good
CUST2784,F,35,south ,29,26391.99,1,1,1,119214.05,No,15-01-2020,10-06-2023,Bad
CUST2785,F,61,South,39,48369.83,3,0,1,52667.18,No,March 3 2022,10-07-2023,Average
CUST2786,Male,46,south ,45,22808.15,2,1,0,29175.14,1,15-02-2021,10-07-2023, poor
CUST2787,Male,76,East,30,8661.18,3,1,0,76651.81,No,15-01-2020,Aug 5 2023,Bad
CUST2788,M,79,West,11,20980.88,2,1,Active,114185.93,0,15-01-2020,10-07-2023, poor
CUST2789,F,41,North,53,31814.82,2,0,0,54896.84,No,15-02-2021,10-07-2023,Average
CUST2790,M,42,East,52,31650.96,3,Yes,Inactive,116871.95,No,15-01-2020,Aug 5 2023,Bad
CUST2791,Male,49,West,15,21617.1,2,1,Active,143818.73,0,15-01-2020,Aug 5 2023,Good
CUST2792,M,27,south ,7,58417.62,1,Yes,0,114550.86,0,15-01-2020,10-06-2023,Bad
CUST2793,Male,56,North,44,40364.94,2,No,Inactive,41121.13,0,March 3 2022,10-06-2023,excellent 
CUST2794,M,66,south ,33,18001.65,1,1,0,80483.21,0,15-02-2021,10-07-2023,excellent 
CUST2795,F,64,South,54,8802.69,2,No,1,129269.03,1,March 3 2022,10-06-2023, poor
CUST2796,Male,28,south ,26,25214.9,1,Yes,1,59816.41,0,15-02-2021,10-06-2023,Average
CUST2797,Male,79,South,51,65728.88,2,1,Inactive,54583.7,0,15-01-2020,10-06-2023,Average
CUST2798,Male,25,East,53,5874.23,1,Yes,1,53990.43,No,March 3 2022,10-06-2023,Average
CUST1000,Female,33,North,15,72321.41,1,1,0,143619.16,0,15-01-2020,10-06-2023,excellent 
CUST2800,F,21,East,39,37401.25,4,1,1,70976.03,No,15-01-2020,10-06-2023,Good
CUST2801,Male,70,East,10,48676.57,3,1,0,29398.87,0,15-02-2021,Aug 5 2023,Bad
CUST2802,Male,51,East,23,65567.14,1,1,Inactive,24650.25,No,15-01-2020,10-07-2023, poor
CUST2803,F,74,south ,46,99150.46,2,No,0,89705.13,0,15-02-2021,10-07-2023,Good
CUST2804,F,34,West,22,35854.09,2,No,Inactive,82475.48,0,15-01-2020,Aug 5 2023,Average
CUST2805,Female,71,North,4,38718.66,1,1,0,39413.19,0,15-01-2020,Aug 5 2023,Good
CUST2806,Male,28,south ,29,67299.33,2,1,Active,69061.57,1,15-01-2020,Aug 5 2023,excellent 
CUST2807,Male,53,West,21,9629.68,2,Yes,Active,84163.36,0,15-02-2021,Aug 5 2023,Average
CUST2808,M,38,south ,29,2564.57,2,1,1,72931.1,1,15-01-2020,10-06-2023,excellent 
CUST2809,Female,79,south ,55,48676.57,1,No,0,110507.63,0,March 3 2022,10-06-2023,Bad
CUST2810,Male,48,West,55,69681.08,2,0,1,118959.24,0,March 3 2022,10-06-2023,Average
CUST2811,Male,26,south ,31,54899.4,2,0,Inactive,31826.68,No,15-01-2020,10-06-2023, poor
CUST2812,F,74,south ,12,19643.13,3,1,1,131644.41,0,March 3 2022,Aug 5 2023, poor
CUST2813,Female,64,West,28,97468.17,2,0,0,45211.58,No,March 3 2022,10-07-2023, poor
CUST2814,F,76,North,21,68473.98,2,1,0,139062.51,No,15-01-2020,Aug 5 2023,Average
CUST2815,Male,59,south ,55,81565.32,3,Yes,Inactive,71743.52,0,15-01-2020,Aug 5 2023, poor
CUST2816,Male,51,south ,33,33896.27,4,No,1,124131.09,0,15-02-2021,Aug 5 2023,Bad
CUST2817,F,25,NORTH,23,14906.21,1,Yes,Inactive,87220.76,No,March 3 2022,10-07-2023,Average
CUST2818,Female,48,south ,55,52567.93,2,No,1,87220.76,0,15-01-2020,10-07-2023, poor
CUST2819,Female,67,South,4,39640.16,2,1,Active,87220.76,No,15-01-2020,Aug 5 2023, poor
CUST2820,Female,24,south ,7,38156.35,3,Yes,Active,56045.64,0,15-01-2020,Aug 5 2023,Good
CUST2821,Male,57,West,28,37798.39,3,1,0,99032.91,Yes,15-01-2020,Aug 5 2023,Bad
CUST2822,F,60,south ,6,55568.96,1,1,0,121030.28,No,March 3 2022,Aug 5 2023,Good
CUST2823,F,76,West,3,22569.5,3,1,1,88875.63,No,15-01-2020,Aug 5 2023, poor
CUST2824,M,69,East,50,97523.59,4,Yes,1,24061.92,0,15-01-2020,10-07-2023,Good
CUST2825,F,66,West,21,50452.08,1,0,Inactive,101947.26,No,15-01-2020,Aug 5 2023,excellent 
CUST2826,Male,32,North,8,68869.81,4,Yes,Active,96863.12,0,15-01-2020,Aug 5 2023,Average
CUST2827,Male,31,south ,39,32143.66,2,No,Inactive,101939.86,No,15-02-2021,Aug 5 2023,Average
CUST2828,F,23,South,51,76720.66,2,1,Active,87220.76,0,15-01-2020,Aug 5 2023,Good
CUST2829,M,50,South,20,32727.2,1,No,1,104992.4,No,March 3 2022,Aug 5 2023,Average
CUST2830,M,29,NORTH,17,49426.51,2,1,0,49786.29,0,15-02-2021,10-07-2023,Bad
CUST2831,M,56,south ,43,93966.78,2,No,0,87220.76,1,15-01-2020,Aug 5 2023,excellent 
CUST2832,Male,43,East,42,38649.63,2,0,1,36505.71,Yes,March 3 2022,10-06-2023,Good
CUST2833,Female,35,south ,37,66216.74,4,1,0,136733.59,0,15-02-2021,Aug 5 2023,Average
CUST2834,Female,46,North,51,73390.16,4,No,0,87220.76,0,15-01-2020,Aug 5 2023,Average
CUST2835,Male,34,south ,37,81356.51,4,0,Inactive,83246.17,0,March 3 2022,Aug 5 2023,Bad
CUST2836,M,40,West,8,72803.29,3,No,1,147261.68,0,March 3 2022,Aug 5 2023,Bad
CUST2837,F,51,NORTH,31,45953.68,3,0,Active,106539.99,No,15-02-2021,Aug 5 2023,Good
CUST2838,M,21,North,24,40359.83,1,No,1,112450.95,0,15-01-2020,10-07-2023,excellent 
CUST2839,Male,26,East,32,48676.57,1,1,Inactive,104607.83,No,March 3 2022,Aug 5 2023,Good
CUST2840,F,44,south ,16,3414.6,3,1,0,36124.08,0,March 3 2022,Aug 5 2023,excellent 
,Female,62,West,14,5218.58,4,Yes,0,50363.38,No,15-02-2021,Aug 5 2023, poor
CUST2842,Male,79,south ,4,91977.98,1,1,0,52736,0,15-01-2020,10-07-2023,excellent 
CUST2843,Female,33,South,28,32469.35,4,Yes,0,87956.25,0,15-01-2020,10-06-2023,excellent 
CUST2844,Male,63,south ,4,48676.57,2,1,0,112527.3,No,15-01-2020,10-06-2023,Average
CUST2845,Male,23,East,12,98072.01,2,1,0,145379.02,0,15-01-2020,Aug 5 2023,Average
CUST2846,M,71,West,34,58790.63,1,No,Inactive,97524.52,0,15-02-2021,Aug 5 2023,Average
CUST2847,F,27,East,46,62908.6,4,No,Inactive,97990.85,0,March 3 2022,10-06-2023, poor
CUST2848,M,41,south ,7,94406.24,4,1,0,146851.41,1,15-02-2021,10-07-2023, poor
CUST2849,Female,20,East,57,79429.84,3,Yes,1,31107.76,0,March 3 2022,10-07-2023,excellent 
CUST2850,Male,61,East,50,12033.96,2,No,0,98580.75,0,15-02-2021,10-07-2023,excellent 
CUST2851,Female,71,East,25,80205.97,2,Yes,1,139626.57,0,15-01-2020,10-07-2023,excellent 
CUST2852,Female,79,North,15,116.45,2,Yes,1,34669.51,No,15-01-2020,10-06-2023, poor
CUST2853,F,39,West,36,48676.57,2,1,Active,87600.67,No,15-01-2020,Aug 5 2023,Good
CUST2854,Male,69,South,5,38357.14,3,1,1,91713.6,No,15-02-2021,Aug 5 2023, poor
CUST2855,M,47,West,11,56968.72,3,1,1,41592.6,No,15-01-2020,Aug 5 2023,Good
CUST2856,M,69,West,52,2404.38,1,1,Inactive,21641.25,0,15-01-2020,10-06-2023, poor
CUST2857,Female,33,North,3,7680.07,3,1,0,123705.65,No,March 3 2022,Aug 5 2023, poor
CUST2858,F,37,East,13,48676.57,4,No,0,88711.79,0,15-01-2020,Aug 5 2023,Bad
CUST2859,Male,22,south ,41,6639.87,4,No,Inactive,87220.76,0,15-02-2021,Aug 5 2023,Good
CUST2860,Female,48,South,6,6676.14,2,0,0,117680.95,0,March 3 2022,10-07-2023,Good
CUST2861,Male,50,south ,27,86537.07,1,0,Active,65942.07,0,15-02-2021,Aug 5 2023,Average
CUST2862,Male,69,East,11,48676.57,4,No,0,39567.08,0,15-02-2021,10-07-2023,Good
CUST2863,M,71,South,22,84691.53,2,No,Inactive,39043.58,No,15-01-2020,Aug 5 2023,excellent 
CUST2864,F,35,South,27,42734.3,3,0,0,44245.32,No,15-01-2020,10-06-2023,excellent 
CUST2865,Female,20,East,38,82572.64,2,Yes,0,105262.56,No,15-01-2020,Aug 5 2023, poor
CUST2866,F,27,North,26,43795.88,3,No,0,22137.09,No,15-01-2020,Aug 5 2023,Good
CUST2867,Male,58,south ,7,48676.57,4,0,0,29286.83,No,15-01-2020,10-07-2023,Good
CUST2868,Female,45,East,30,92526.76,1,1,0,146604.82,0,15-01-2020,10-06-2023,Average
CUST2869,Male,57,South,54,26687.96,2,0,Active,59904.99,No,15-02-2021,Aug 5 2023,Average
CUST2870,M,48,NORTH,52,38325.88,2,1,Active,67001.1,0,15-01-2020,10-07-2023,Bad
CUST2871,Male,40,south ,24,43600.42,3,Yes,0,127406.6,0,15-01-2020,Aug 5 2023, poor
CUST2872,F,32,south ,58,53368.71,2,1,1,29427.28,No,March 3 2022,10-07-2023, poor
CUST2873,Male,33,West,8,24869.46,1,0,Inactive,120305.58,No,15-01-2020,10-06-2023,Bad
CUST2874,Female,39,south ,9,16025.41,2,1,1,126156.05,0,March 3 2022,10-06-2023,Good
CUST2875,Female,48,South,46,18365.11,1,1,0,21020.99,0,March 3 2022,10-06-2023,Bad
CUST2876,M,30,South,8,23211.23,3,No,0,64624.65,0,15-01-2020,10-06-2023,Bad
CUST2877,Male,45,West,23,85879.02,2,No,0,28102.47,0,March 3 2022,Aug 5 2023,Good
CUST2878,Male,24,East,10,61540.22,2,1,Inactive,78382.54,0,March 3 2022,10-07-2023,Bad
CUST2879,Male,74,East,4,95491.08,1,Yes,Inactive,129919.08,0,15-01-2020,Aug 5 2023,Bad
CUST2880,F,40,East,16,48676.57,3,No,Inactive,79208.24,0,15-01-2020,Aug 5 2023,Good
CUST2881,Male,31,south ,29,10474.37,1,No,Active,87177.23,0,March 3 2022,10-07-2023,Bad
CUST2882,Female,47,West,58,44455.11,1,1,Inactive,56175.56,No,15-01-2020,10-07-2023,Good
CUST2883,F,20,south ,29,33702.85,2,1,0,110958.65,No,15-01-2020,10-06-2023,Bad
CUST2884,Male,54,North,40,74219.59,1,1,0,27229.38,0,March 3 2022,Aug 5 2023,excellent 
CUST2885,M,39,West,15,46964.46,2,1,Inactive,22605.79,0,15-02-2021,10-07-2023,Bad
CUST2886,F,74,south ,16,82654.94,2,1,0,114950.7,Yes,March 3 2022,10-06-2023,excellent 
CUST2887,Male,25,East,33,24654.57,4,No,0,20291.44,No,March 3 2022,Aug 5 2023,Bad
CUST2888,Female,22,NORTH,57,48676.57,1,0,0,90659.2,No,15-02-2021,10-06-2023,Bad
CUST2889,Male,57,south ,28,46631.96,2,1,Inactive,135164.31,0,March 3 2022,10-06-2023, poor
CUST2890,M,52,south ,13,27838.53,1,0,Inactive,120980.48,0,15-01-2020,10-07-2023,Bad
CUST2891,Male,55,NORTH,43,35471.3,4,0,0,102303.23,1,March 3 2022,10-06-2023,Good
CUST2892,Male,44,south ,57,58186.65,2,1,0,91266.98,0,March 3 2022,10-06-2023,Good
CUST2893,Male,59,North,55,7712.18,4,No,Inactive,81953.88,No,15-02-2021,Aug 5 2023,Average
CUST2894,Female,77,NORTH,50,64714.07,3,0,Inactive,119521.86,0,March 3 2022,Aug 5 2023,Bad
CUST2895,Male,41,West,41,88133.57,1,No,Active,48627.66,0,15-01-2020,Aug 5 2023,Good
CUST2896,Male,18,NORTH,2,89966.45,1,1,1,33924.74,0,March 3 2022,10-06-2023, poor
CUST2897,Female,73,NORTH,20,29339.45,2,1,0,30429.67,1,15-01-2020,10-07-2023,Bad
CUST2898,M,32,West,38,33472.29,3,No,Inactive,77623.03,No,15-01-2020,Aug 5 2023,Good
CUST2899,Male,24,North,11,83209.24,3,Yes,1,139186.17,1,15-02-2021,Aug 5 2023,Average
CUST2900,Male,64,south ,43,95876.78,4,1,0,132398.03,0,March 3 2022,Aug 5 2023,Good
CUST2901,Male,24,south ,48,11595.83,1,1,0,81513.16,0,15-02-2021,10-06-2023,Average
CUST2902,Female,21,south ,29,92141.33,2,1,0,123782.71,No,15-01-2020,10-06-2023,excellent 
CUST2903,M,52,south ,50,3347.51,3,0,0,61341.91,0,March 3 2022,Aug 5 2023,Average
CUST2904,F,40,West,7,10333.49,2,1,1,87220.76,0,March 3 2022,Aug 5 2023,Average
CUST2905,F,34,south ,11,479.29,4,0,1,107341.27,No,15-01-2020,10-07-2023,Good
CUST2906,Female,31,East,48,8475.32,3,No,0,87015.53,No,15-01-2020,10-07-2023,Good
CUST2907,M,36,West,45,39918.14,2,No,1,121949.63,Yes,15-01-2020,Aug 5 2023,Bad
CUST2908,Female,23,West,3,48676.57,4,Yes,Inactive,26050.63,No,15-01-2020,Aug 5 2023,Good
CUST2909,F,75,NORTH,34,83363.24,2,1,Inactive,59882.25,0,March 3 2022,Aug 5 2023, poor
CUST2910,Male,59,south ,24,4842.07,4,1,Inactive,123032.14,0,15-01-2020,Aug 5 2023,Good
CUST2911,Male,60,NORTH,37,76856.85,1,1,Inactive,146331.74,0,15-01-2020,Aug 5 2023,Good
CUST2912,M,59,south ,2,66102.82,1,1,0,47377.52,No,15-01-2020,Aug 5 2023,Bad
CUST2913,F,53,North,8,48460.06,4,0,0,87220.76,0,15-01-2020,10-06-2023,Bad
CUST2914,Female,60,East,4,22418.44,1,No,0,89881.03,0,15-01-2020,Aug 5 2023,excellent 
CUST2915,Female,67,East,48,74711,4,0,0,136594,1,March 3 2022,10-07-2023,Good
CUST2916,Male,38,East,13,99175.99,2,1,0,36474.63,No,15-01-2020,10-07-2023,Bad
CUST2917,Male,64,North,57,79481.21,2,No,1,107775.62,No,15-01-2020,Aug 5 2023, poor
CUST2918,M,24,East,26,88624.32,1,Yes,Inactive,46949.13,1,15-02-2021,10-06-2023,Average
CUST2919,Male,66,south ,8,93660.12,3,1,Inactive,132843.6,1,March 3 2022,10-06-2023,Good
CUST2920,Male,70,south ,18,48676.57,3,1,Inactive,89226.36,Yes,15-01-2020,10-06-2023,Average
CUST2921,Male,48,West,13,53622.12,4,1,0,134866.17,0,15-02-2021,10-07-2023,Good
CUST2922,Male,51,South,25,48676.57,2,1,1,88909.88,1,15-01-2020,Aug 5 2023,excellent 
CUST2923,Female,41,North,7,43648.73,3,1,0,72885.21,0,15-02-2021,10-07-2023,excellent 
CUST2924,Male,66,South,34,61485.52,2,1,Inactive,87220.76,No,15-01-2020,Aug 5 2023,Average
CUST2925,Male,40,NORTH,33,23849.21,2,1,1,117637.36,No,15-02-2021,Aug 5 2023,excellent 
CUST2926,F,52,North,11,82040.19,2,1,Inactive,89312.66,No,15-01-2020,10-06-2023,Bad
CUST2927,M,44,West,44,10650.66,2,1,1,63407.59,No,March 3 2022,10-06-2023, poor
CUST2928,Male,26,south ,41,43108.84,1,0,Active,27292.75,0,March 3 2022,Aug 5 2023,excellent 
CUST2929,Female,60,North,27,38143.9,2,0,0,90594.86,No,15-01-2020,10-07-2023,Bad
CUST2930,Male,42,south ,44,42943.5,4,Yes,Active,90730.3,0,March 3 2022,10-06-2023,Good
CUST2931,Female,19,North,11,45204.06,4,No,0,69952.4,1,March 3 2022,Aug 5 2023,Good
,Female,38,West,1,48676.57,2,0,Inactive,87220.76,0,15-01-2020,Aug 5 2023,Average
CUST2933,Male,66,South,27,31644.68,4,1,0,122918.69,No,15-01-2020,10-07-2023,excellent 
CUST2934,Male,57,South,29,49757.36,1,1,0,53610.65,1,15-02-2021,Aug 5 2023,Good
CUST2935,Male,41,South,58,35620.97,3,1,1,138867.76,No,15-01-2020,10-07-2023,Good
CUST2936,Male,62,NORTH,58,36488.85,2,1,Inactive,40610.27,No,15-02-2021,Aug 5 2023,Bad
CUST2937,M,23,East,10,82664.06,2,0,0,23640.13,0,15-01-2020,Aug 5 2023,Good
CUST2938,Male,73,South,26,83185.94,1,Yes,Active,23151.86,0,15-01-2020,Aug 5 2023,Good
CUST2939,Male,28,East,48,56295.99,2,No,1,41193.28,0,15-01-2020,Aug 5 2023, poor
CUST2940,Female,36,south ,8,51984.22,4,1,Active,74298.08,0,March 3 2022,10-07-2023,Average
CUST2941,F,72,West,35,81877.4,4,1,0,37476.11,0,15-02-2021,Aug 5 2023,Good
CUST2942,F,49,south ,41,94510.89,2,1,0,87220.76,1,March 3 2022,10-06-2023,Bad
CUST2943,Male,62,south ,59,75715.76,2,0,1,112659.92,0,15-02-2021,Aug 5 2023,Average
CUST2944,Male,45,West,45,7755.11,2,1,Inactive,122024.64,0,15-01-2020,10-07-2023,excellent 
CUST2945,Male,25,NORTH,34,62393.3,2,No,Inactive,66664.13,0,March 3 2022,Aug 5 2023,Good
CUST2946,M,27,NORTH,30,77712.31,2,Yes,Inactive,88584.78,0,15-01-2020,10-06-2023,Good
CUST2947,Male,64,south ,27,3462.42,2,1,Inactive,98531.15,0,15-01-2020,10-06-2023,Good
CUST2948,Male,32,East,57,24081.87,2,1,0,149191.58,0,15-01-2020,Aug 5 2023,Bad
CUST2949,M,54,West,10,617.07,1,No,Active,139416.08,No,15-01-2020,10-07-2023, poor
CUST2950,Male,79,NORTH,56,69103.63,2,1,0,76157.47,No,15-01-2020,Aug 5 2023,Bad
CUST2951,M,48,NORTH,1,24896.85,2,Yes,0,87220.76,1,15-01-2020,Aug 5 2023,Good
CUST2952,Female,57,South,30,,3,1,1,52315.79,0,15-01-2020,Aug 5 2023,Good
CUST2953,Female,28,West,48,2349.72,3,0,0,77642.17,No,15-01-2020,Aug 5 2023,Bad
CUST2954,Male,69,south ,57,27566.95,2,0,Active,29762.6,0,March 3 2022,10-07-2023,excellent 
CUST2955,Female,63,South,9,26420.53,1,0,0,139385.7,0,15-01-2020,Aug 5 2023,Bad
CUST2956,Male,20,South,14,15720.85,1,0,0,71983.13,1,15-02-2021,10-06-2023,Bad
CUST2957,Female,50,West,2,91791.09,2,1,1,114010.15,0,15-01-2020,10-06-2023,Good
CUST2958,M,46,NORTH,21,3654.13,1,1,0,82866.24,0,15-02-2021,Aug 5 2023,Average
CUST2959,Female,35,south ,41,89572.97,2,No,1,26198.74,0,15-01-2020,10-07-2023,Average
CUST2960,M,79,West,59,63366.02,2,Yes,Active,134112.59,No,15-02-2021,10-06-2023,Average
CUST2961,Female,32,North,3,23582.99,2,0,0,136498.97,0,15-01-2020,10-06-2023,Bad
CUST2962,Male,22,North,14,48764.97,2,1,0,23330.11,1,15-02-2021,Aug 5 2023,Bad
CUST2963,Male,45,South,4,10074.27,3,0,Active,71240.12,0,15-02-2021,10-07-2023,excellent 
CUST2964,Male,24,south ,2,52935.07,1,No,Active,132796.69,No,15-01-2020,10-06-2023,excellent 
CUST2965,Female,50,South,40,92401.12,3,0,Inactive,141809.8,No,15-01-2020,10-06-2023, poor
CUST2966,Male,56,North,3,71360.35,4,No,Inactive,81976.02,0,March 3 2022,10-07-2023,Good
CUST2967,Male,32,south ,51,95954.7,3,1,1,52712.99,0,15-01-2020,Aug 5 2023,Good
CUST2968,Male,57,South,9,40374.56,2,0,1,104379.64,0,March 3 2022,10-06-2023,Bad
CUST2969,Male,79,south ,10,4248.27,2,0,0,85224.73,0,March 3 2022,10-06-2023,Average
CUST2970,M,25,North,59,4376.62,4,1,Inactive,60524.09,No,15-01-2020,Aug 5 2023,Average
CUST2971,F,36,south ,50,8208.17,2,1,0,118474.98,0,15-02-2021,Aug 5 2023,excellent 
CUST2972,F,51,North,42,38654.3,1,Yes,1,87220.76,No,March 3 2022,10-06-2023, poor
CUST2973,Male,19,south ,34,79172.78,4,1,Inactive,102501.97,0,15-02-2021,Aug 5 2023,Good
CUST2974,M,35,NORTH,28,74151.03,2,0,0,30075.17,1,March 3 2022,10-07-2023,excellent 
CUST2975,F,54,NORTH,27,63440.97,3,1,1,37158.38,0,March 3 2022,10-06-2023, poor
CUST2976,Male,60,West,28,79664.36,3,0,0,43802.43,0,15-02-2021,Aug 5 2023,excellent 
CUST2977,F,73,South,8,80948.84,3,0,0,131713.34,0,15-02-2021,10-07-2023,Good
CUST2978,Male,47,south ,41,71562.75,2,No,1,108733.43,0,15-01-2020,Aug 5 2023,excellent 
CUST2979,Male,57,East,17,96257.04,2,0,1,53813.27,No,15-01-2020,Aug 5 2023,Bad
CUST2980,Male,20,NORTH,30,,2,1,Inactive,112359.37,0,15-02-2021,Aug 5 2023, poor
CUST2981,F,37,south ,12,25448.7,1,No,0,101092.45,0,March 3 2022,10-07-2023,Average
CUST2982,F,47,south ,19,54666.04,2,Yes,1,97789.88,No,March 3 2022,Aug 5 2023,excellent 
CUST2983,Male,59,NORTH,9,86079.34,2,No,Inactive,64150.9,0,March 3 2022,10-07-2023,Bad
CUST2984,Male,47,South,55,86733.09,2,Yes,Inactive,76651,No,15-01-2020,10-07-2023,Good
CUST2985,Female,40,West,45,43265.44,2,1,0,35903.38,No,15-01-2020,Aug 5 2023,excellent 
CUST2986,Female,18,south ,38,73992.51,2,0,0,50616.83,0,15-01-2020,Aug 5 2023,Average
CUST2987,Male,24,NORTH,6,24411.56,2,Yes,0,76886.35,No,March 3 2022,10-06-2023,Average
CUST2988,Male,37,East,38,93899.63,2,1,0,117601.47,0,15-01-2020,Aug 5 2023,excellent 
CUST2989,F,49,North,30,5498.38,4,1,1,76387.98,Yes,March 3 2022,10-06-2023,Good
CUST2990,Male,23,NORTH,59,58471.81,4,1,0,31689.92,No,15-01-2020,Aug 5 2023,Good
CUST2991,Male,24,South,30,28283.12,4,1,0,87220.76,0,15-01-2020,10-06-2023,Good
CUST2992,F,44,south ,41,,4,1,Inactive,29985.42,0,15-01-2020,Aug 5 2023,excellent 
CUST2993,F,59,West,11,34190.49,2,1,Inactive,66545.89,0,15-02-2021,Aug 5 2023,Average
CUST2994,Male,68,North,3,85508.92,3,0,Inactive,136509.07,0,March 3 2022,10-07-2023,Good
CUST2995,Female,51,North,15,84226.75,2,1,0,90569.52,0,March 3 2022,Aug 5 2023,Bad
CUST2996,Female,38,North,55,56909.08,4,1,Inactive,105380.36,No,15-02-2021,10-06-2023,excellent 
CUST2997,Female,51,West,10,1871.36,3,Yes,0,31800.6,0,March 3 2022,10-07-2023,Average
CUST2998,Female,40,NORTH,56,14804.58,4,No,0,56995.4,0,March 3 2022,Aug 5 2023,excellent 
CUST2999,Female,71,East,58,26383.94,2,1,1,92330.58,No,March 3 2022,10-07-2023,excellent 
CUST3000,Male,54,North,42,9704.57,2,Yes,0,46044.96,0,March 3 2022,Aug 5 2023,excellent 
CUST3001,Male,41,North,11,68192.43,2,0,0,111474.58,0,15-01-2020,Aug 5 2023,excellent 
CUST3002,Male,38,West,32,68332.63,3,No,Active,101461.91,0,15-01-2020,10-06-2023,Good
CUST3003,Male,48,NORTH,3,30521.34,4,1,0,24450.2,0,15-01-2020,10-07-2023,excellent 
CUST3004,F,39,south ,27,24710.52,4,No,1,96555.89,0,March 3 2022,10-06-2023,Good
CUST3005,F,36,North,8,2500.56,4,0,0,60520.86,1,15-01-2020,Aug 5 2023,Bad
CUST3006,F,21,South,16,85648.03,4,1,0,104697.18,0,15-01-2020,10-06-2023, poor
CUST3007,Male,77,NORTH,18,273.93,2,1,1,51679.47,0,15-02-2021,10-07-2023,excellent 
CUST3008,M,67,East,25,,2,Yes,Inactive,20837.19,0,15-01-2020,Aug 5 2023,Average
CUST3009,Female,32,West,48,34746.61,4,Yes,1,79789.61,No,15-02-2021,10-06-2023,Good
CUST3010,M,20,south ,39,65329.47,3,1,Inactive,70972.08,Yes,15-02-2021,Aug 5 2023,Bad
CUST3011,F,49,East,54,23714.8,1,0,1,23289.46,0,March 3 2022,10-07-2023,Average
CUST3012,Male,64,South,32,55425.64,2,Yes,1,141240.42,No,15-01-2020,10-07-2023,Bad
CUST3013,Male,60,West,36,72111.45,1,No,0,61640.79,No,15-02-2021,10-07-2023,Bad
CUST3014,Female,18,West,28,77798.79,2,0,0,123071.78,No,15-02-2021,10-06-2023,Average
CUST3015,Male,63,south ,29,567.69,2,1,0,37689.06,1,March 3 2022,Aug 5 2023,excellent 
CUST3016,Male,68,South,19,26032.61,4,1,Inactive,71269.76,0,15-01-2020,Aug 5 2023, poor
CUST3017,Female,75,NORTH,12,,4,1,Inactive,139739.75,No,March 3 2022,Aug 5 2023, poor
CUST3018,Female,30,south ,29,67664.72,3,Yes,0,84406.7,No,15-01-2020,Aug 5 2023,Good
CUST3019,Male,26,West,1,45213.79,1,No,Active,36151.69,0,15-01-2020,Aug 5 2023,Average
CUST3020,M,43,West,30,53180.63,2,No,0,87220.76,0,March 3 2022,10-07-2023,excellent 
CUST3021,F,19,East,26,1951.18,3,Yes,0,67682.74,No,15-01-2020,10-06-2023,excellent 
CUST3022,Male,70,NORTH,51,15111.13,4,1,Active,116378.04,0,15-01-2020,Aug 5 2023,Average
CUST3023,Female,29,North,8,74247.5,4,Yes,Inactive,140039.93,No,15-02-2021,10-07-2023,Bad
CUST3024,Male,42,North,42,37968.42,1,1,Inactive,45854.22,1,March 3 2022,Aug 5 2023,Bad
CUST3025,Female,77,North,30,16163.33,3,1,Active,149196.91,0,15-01-2020,Aug 5 2023,Good
CUST3026,Female,59,south ,35,21272.74,1,No,Active,87220.76,No,15-02-2021,10-07-2023,Average
CUST3027,M,64,East,59,13275.95,2,Yes,0,141763.93,No,15-01-2020,10-07-2023,Good
CUST3028,Male,,South,4,,2,1,1,87804.66,No,15-02-2021,Aug 5 2023,Average
CUST3029,Male,18,West,11,91505.97,4,No,0,74056.69,0,15-01-2020,Aug 5 2023,Good
CUST3030,Female,77,West,15,3839.81,3,0,0,94147.55,0,15-01-2020,Aug 5 2023,Average
CUST3031,F,33,North,40,72768.62,3,0,0,37160.87,0,15-01-2020,Aug 5 2023,Good
CUST3032,Male,54,West,30,14320.6,2,0,0,98179.39,0,15-02-2021,Aug 5 2023,Good
CUST3033,F,65,south ,34,9909.74,2,Yes,0,93793.78,No,March 3 2022,Aug 5 2023,Good
CUST3034,F,62,south ,22,499.89,1,1,0,40833.47,0,15-01-2020,Aug 5 2023,Good
CUST3035,Male,63,south ,5,26159.77,1,Yes,0,87220.76,0,15-01-2020,10-06-2023,Good
CUST3036,Male,47,south ,32,33109.48,2,No,Inactive,87220.76,0,15-01-2020,Aug 5 2023,excellent 
CUST3037,F,33,south ,32,33372.87,3,0,0,37947.3,0,15-01-2020,Aug 5 2023,excellent 
CUST3038,F,23,East,5,94226.59,3,No,1,59022.59,Yes,15-02-2021,10-07-2023,Bad
CUST3039,Male,24,south ,16,9611.85,1,0,0,72207.63,0,15-01-2020,Aug 5 2023,Average
CUST3040,Male,41,North,26,98907.15,1,No,Active,87220.76,Yes,15-02-2021,Aug 5 2023,excellent 
CUST3041,Female,20,West,14,65766.44,1,0,Active,134474.64,No,15-02-2021,Aug 5 2023,excellent 
CUST3042,M,59,West,32,,2,1,Active,97818.32,0,15-01-2020,Aug 5 2023,Good
CUST3043,Male,36,East,25,62799.37,3,1,0,66432.41,1,15-02-2021,Aug 5 2023,Average
CUST3044,M,65,south ,38,56963.7,4,1,Active,136186.4,0,March 3 2022,10-06-2023,excellent 
CUST3045,Male,72,NORTH,16,60489.01,2,0,1,81316.13,0,15-02-2021,Aug 5 2023, poor
CUST3046,Male,50,North,24,,4,0,0,136953.08,0,March 3 2022,Aug 5 2023, poor
CUST3047,Female,60,south ,6,50324.66,4,1,1,85439.17,0,March 3 2022,Aug 5 2023, poor
CUST3048,F,66,East,44,91375.91,1,1,0,39656.91,0,15-01-2020,Aug 5 2023,Average
CUST3049,M,71,North,13,29753.18,2,No,1,92654.43,0,15-01-2020,10-06-2023,Bad
CUST3050,M,50,South,3,,1,0,1,82031.94,No,15-02-2021,Aug 5 2023,Good
CUST3051,F,23,North,58,64741.09,2,1,Inactive,55261.75,0,,10-07-2023,excellent 
CUST3052,Female,61,East,12,78187.29,3,0,1,82910.97,1,,Aug 5 2023,Good
CUST3053,Male,38,NORTH,9,32431.13,4,1,1,86017.59,No,,Aug 5 2023,Good
CUST3054,Male,76,South,49,27845.5,2,Yes,Inactive,81792.22,0,March 3 2022,10-06-2023,Good
CUST3055,Male,48,NORTH,32,18669.06,3,0,0,122041.13,0,15-02-2021,10-06-2023,Average
CUST3056,F,59,NORTH,10,72187.27,2,Yes,0,110979.14,No,15-02-2021,Aug 5 2023,Good
CUST3057,F,22,NORTH,35,69746.39,2,0,Active,64225.61,No,,10-06-2023,Good
CUST3058,Male,75,West,5,69221.66,1,0,1,59420.74,0,March 3 2022,10-06-2023, poor
CUST3059,F,46,south ,11,31030.27,3,Yes,1,83321.41,No,March 3 2022,Aug 5 2023,Good
CUST3060,M,35,North,43,21833.92,2,No,0,75121.41,No,15-01-2020,Aug 5 2023,excellent 
CUST3061,Male,19,North,55,88561.78,2,1,Inactive,67218.17,No,15-02-2021,Aug 5 2023,Average
CUST3062,Male,23,East,42,31209.65,1,1,1,87220.76,0,15-01-2020,10-06-2023,Good
CUST3063,F,,south ,10,21409.87,4,0,0,103278.77,0,,10-06-2023,excellent 
CUST3064,Female,60,South,33,68625.83,4,1,0,137344.43,No,15-02-2021,10-07-2023, poor
CUST3065,Male,76,North,39,85830.58,1,0,1,27929.32,0,15-02-2021,Aug 5 2023,Good
CUST3066,Female,55,North,35,46638.15,4,0,Inactive,87768.97,0,15-02-2021,Aug 5 2023,Bad
CUST3067,Male,52,South,12,33196.28,2,1,1,64895.16,No,15-02-2021,10-06-2023,Bad
CUST3068,F,46,NORTH,58,63494.11,2,No,0,130947.55,0,March 3 2022,10-07-2023,Good
CUST3069,M,32,West,35,62805.46,3,No,0,149659.57,No,March 3 2022,Aug 5 2023,excellent 
CUST3070,F,,North,40,64969.24,2,Yes,0,22493.71,0,,Aug 5 2023,Good
CUST3071,F,78,East,33,19043.03,2,0,1,82518.85,Yes,March 3 2022,10-07-2023, poor
CUST3072,Male,18,East,1,40269.67,1,Yes,Active,127446.17,0,March 3 2022,10-06-2023,excellent 
CUST3073,F,43,south ,30,61541,2,No,0,26041.73,No,15-01-2020,Aug 5 2023,Good
CUST3074,F,72,NORTH,23,60639.84,3,0,1,56270.76,0,15-01-2020,10-06-2023,Average
CUST3075,M,30,south ,3,72112.17,2,No,Inactive,148087.08,0,15-01-2020,10-06-2023,Bad
CUST3076,Male,36,East,58,35582.12,1,No,0,116061.97,0,15-01-2020,10-06-2023,Average
CUST3077,Male,65,West,38,48837.75,3,Yes,0,79425.92,0,15-02-2021,Aug 5 2023, poor
CUST3078,Male,30,West,43,28555.15,2,No,1,113374.12,0,,Aug 5 2023,Good
CUST3079,Male,58,North,57,11619.32,1,Yes,0,87220.76,No,,10-07-2023, poor
CUST3080,Male,76,West,52,99336.43,2,1,Active,143532.97,No,,10-07-2023,excellent 
CUST3081,Male,51,East,42,75783.67,1,1,1,106484.84,No,15-01-2020,10-06-2023,excellent 
CUST3082,M,31,south ,1,92753.46,2,1,0,81416.61,No,15-02-2021,Aug 5 2023,Bad
CUST3083,M,49,south ,13,61010.03,3,Yes,1,108146.76,1,March 3 2022,10-07-2023,Good
CUST3084,Male,35,East,41,44406.77,2,No,0,68983.26,No,March 3 2022,Aug 5 2023,Good
CUST3085,M,44,south ,23,5951.9,2,1,0,75528.32,No,March 3 2022,Aug 5 2023,Good
CUST3086,Female,25,East,53,59722.83,1,1,Active,124662.79,No,March 3 2022,Aug 5 2023,Good
CUST3087,M,76,East,54,43296.06,2,,1,66706.03,No,15-01-2020,10-07-2023, poor
CUST3088,M,53,South,37,50264.08,4,0,0,118782.6,No,15-02-2021,10-06-2023,Average
CUST3089,Male,61,North,30,,3,,1,133466.69,No,15-02-2021,10-07-2023,excellent 
CUST3090,M,26,East,35,47899.87,4,No,Active,130994.31,No,,Aug 5 2023, poor
CUST3091,F,63,East,3,,2,1,Active,38866.29,No,,10-06-2023, poor
CUST3092,Male,35,West,53,75639.37,3,0,1,137588.01,0,15-02-2021,10-06-2023,Good
CUST3093,Male,77,North,47,72101.14,1,Yes,0,84339.64,No,March 3 2022,10-06-2023,excellent 
CUST3094,Male,59,East,9,96236.05,2,No,Inactive,143388.19,0,15-02-2021,10-07-2023,excellent 
CUST3095,Male,62,south ,36,75261.14,2,1,Inactive,23554.35,0,15-01-2020,10-07-2023,Good
CUST3096,Female,31,West,14,32122.87,2,0,0,81065.63,No,15-02-2021,Aug 5 2023,Good
CUST3097,Male,65,South,56,56651.14,1,0,,39751.76,No,,Aug 5 2023,Good
CUST3098,Male,58,NORTH,10,32068.28,3,Yes,Active,59772.6,0,March 3 2022,Aug 5 2023,Good
CUST3099,Male,38,North,8,25482.84,4,0,1,117426.42,0,,10-07-2023,excellent 
CUST3100,Male,74,West,8,31900.33,3,0,Inactive,50914.1,No,March 3 2022,Aug 5 2023,excellent 
CUST3101,Female,61,East,47,14987.64,2,No,1,85189.13,No,,10-06-2023,excellent 
CUST3102,M,73,West,34,,4,1,Active,129081.29,No,15-01-2020,10-07-2023,excellent 
CUST3103,Male,37,North,56,2821.82,3,0,Inactive,95866.43,1,,10-07-2023,Average
CUST3104,M,67,West,45,22262.06,3,,0,29626.64,0,March 3 2022,10-07-2023,Average
CUST3105,Female,26,NORTH,55,43135.04,1,1,Inactive,47631.04,1,15-01-2020,Aug 5 2023,excellent 
CUST3106,F,71,West,48,61770.43,4,,,107489.59,0,15-02-2021,10-06-2023,excellent 
CUST3107,Female,72,East,58,40257.17,3,No,1,56291.74,0,March 3 2022,10-07-2023,Average
CUST3108,M,57,NORTH,36,97523.98,4,Yes,1,83642.56,1,15-02-2021,Aug 5 2023, poor
CUST3109,Female,77,south ,39,48082.75,2,Yes,Active,75613,No,,10-07-2023,excellent 
CUST3110,M,27,East,37,86960.19,2,,,140787.17,0,,Aug 5 2023, poor
CUST3111,,63,NORTH,41,41610.05,3,No,Inactive,22234.42,0,,10-06-2023,Good
CUST3112,,53,East,9,22237.33,1,,0,20422.37,No,March 3 2022,Aug 5 2023,Good
CUST3113,M,21,NORTH,29,13173.28,2,0,Active,87220.76,1,March 3 2022,10-07-2023,Bad
CUST3114,Male,61,south ,54,83594.14,1,Yes,1,87282.23,No,15-01-2020,10-06-2023, poor
CUST3115,,28,south ,6,5804.69,2,No,1,91669.45,No,15-02-2021,Aug 5 2023,Good
CUST3116,F,63,South,26,14278.89,4,,0,83289.26,No,,Aug 5 2023,Bad
CUST3117,Male,32,West,23,87349.27,3,No,0,44304.4,No,March 3 2022,Aug 5 2023,Average
CUST3118,F,20,South,9,77335.43,2,Yes,,123392.74,No,March 3 2022,10-07-2023,Average
CUST3119,M,29,South,26,2048.19,2,Yes,Active,80545.93,No,March 3 2022,10-06-2023,Good
CUST3120,Female,39,south ,23,86522.09,4,,,87220.76,0,,Aug 5 2023,Good
CUST3121,,67,North,3,65665.17,2,0,Active,131438.79,0,,Aug 5 2023, poor
CUST3122,Female,69,East,7,50185.83,2,,Inactive,61656.08,0,,Aug 5 2023, poor
CUST3123,Female,43,south ,24,87386.29,2,Yes,,107782.59,0,15-02-2021,Aug 5 2023,excellent 
CUST3124,M,40,NORTH,35,38555.25,3,1,Inactive,63756.93,Yes,,10-07-2023,Good
CUST3125,Female,63,South,40,5034.6,,,1,123702.35,0,15-02-2021,10-07-2023,Bad
CUST3126,F,59,south ,23,22803.64,2,No,1,49412.07,No,15-01-2020,Aug 5 2023,Bad
CUST3127,M,60,South,43,63390.25,,0,Inactive,78076.85,No,,10-07-2023,excellent 
CUST3128,M,62,North,10,87581.64,1,1,0,87552.99,1,15-01-2020,Aug 5 2023,Good
CUST3129,Female,41,NORTH,3,19298.18,1,,Active,96950.61,0,15-02-2021,10-07-2023, poor
CUST3130,Male,50,West,38,31018.67,1,Yes,Inactive,135805.09,No,15-01-2020,10-07-2023, poor
CUST3131,,40,south ,3,57215.71,3,Yes,0,93827.2,No,,10-07-2023,Good
CUST3132,,23,south ,26,59204.79,4,Yes,0,149488.82,0,15-02-2021,Aug 5 2023,Good
CUST3133,,33,West,57,38802.06,,Yes,Inactive,114226.86,No,March 3 2022,Aug 5 2023,Bad
CUST3134,M,66,NORTH,22,13179.56,4,No,Inactive,107240.44,0,,10-06-2023, poor
CUST3135,,23,NORTH,27,20318.19,4,,Inactive,32587.7,0,,Aug 5 2023,Good
CUST3136,M,36,East,30,63938.93,4,Yes,Inactive,72406.86,0,,10-07-2023,Good
CUST3137,Female,64,West,32,72390.14,,,0,79357.23,0,15-02-2021,10-06-2023,Bad
CUST3138,,49,South,47,89044.48,4,,0,87775.02,0,15-02-2021,10-06-2023,Good
CUST3139,M,63,West,2,81042.87,4,Yes,1,78705.16,No,,10-06-2023,Good
CUST3140,Male,51,south ,59,18611.5,3,1,1,80085.45,,15-02-2021,Aug 5 2023, poor
CUST3141,Male,35,West,6,31054.84,,1,1,112562.76,0,15-01-2020,10-06-2023,Bad
CUST3142,,48,NORTH,21,,2,1,0,91664.59,,15-01-2020,Aug 5 2023,excellent 
CUST3143,,57,NORTH,57,2403.96,4,0,0,80027.41,No,,, poor
CUST3144,Female,46,East,20,83477.79,3,Yes,,66478.74,No,15-01-2020,10-06-2023,Average
CUST3145,Male,51,south ,20,99346.3,,No,0,96512.24,No,15-01-2020,,excellent 
CUST3146,Male,61,south ,26,,4,No,,75409.69,No,March 3 2022,10-07-2023,excellent 
CUST3147,M,37,south ,40,56823.44,3,Yes,Inactive,93935.48,,15-01-2020,10-07-2023,Average
CUST3148,Female,39,south ,2,,4,1,0,87220.76,,,,Average
CUST3149,F,21,South,18,71830.73,2,0,Inactive,108676.68,No,15-02-2021,10-06-2023,excellent 
CUST3150,Male,37,NORTH,31,40847.72,2,0,,29633.86,0,,10-07-2023,Good
CUST3151,,37,south ,52,70093.91,2,1,,40915.65,0,15-01-2020,,excellent 
CUST3152,M,28,NORTH,22,55695.35,4,No,Inactive,135829.94,No,15-01-2020,10-06-2023, poor
CUST3153,M,56,West,31,60402.69,2,1,Active,87220.76,,,Aug 5 2023,Good
CUST3154,M,63,south ,18,81307.24,,No,Inactive,109449.73,0,March 3 2022,,Average
CUST3155,,28,South,17,51782.32,2,No,,141916.82,0,March 3 2022,10-06-2023,excellent 
CUST3156,M,37,North,13,44408.26,3,Yes,1,96291.16,0,,10-07-2023,excellent 
CUST3157,,42,South,11,81870.42,1,No,Inactive,117990.3,No,15-02-2021,10-06-2023,excellent 
CUST3158,Male,49,West,51,29649.01,3,Yes,0,40808.98,,15-01-2020,10-07-2023, poor
CUST3159,F,32,East,35,94176.29,2,1,Active,130930.7,,March 3 2022,, poor
CUST3160,,67,south ,29,18075.29,4,No,1,143804.13,0,15-02-2021,Aug 5 2023,Average
CUST3161,Male,25,south ,2,20610.93,4,1,Active,74224.25,,,10-06-2023,Average
CUST3162,,28,south ,13,3753.66,2,1,Active,87281.53,Yes,March 3 2022,, poor
CUST3163,Male,43,South,29,96008.17,,0,0,142680.91,0,15-02-2021,10-07-2023,Average
CUST3164,M,60,south ,40,42540.45,3,0,1,87220.76,0,,10-06-2023,excellent 
CUST3165,M,43,North,35,54178.72,1,,0,93614.81,,15-01-2020,10-06-2023,Good
CUST3166,Male,76,North,55,13013.12,4,1,,117201.71,0,,10-06-2023,excellent 
CUST3167,M,27,East,29,29343.77,4,Yes,,141168.02,Yes,,,Bad
CUST3168,F,37,West,49,6388.65,,,0,133059.32,Yes,15-01-2020,10-07-2023,Average
CUST3169,F,42,south ,51,78457.04,1,0,0,114547.87,0,15-01-2020,,Good
CUST3170,,25,East,48,,3,,Active,91483.76,0,March 3 2022,10-07-2023,excellent 
CUST3171,,36,North,7,57790.75,,,0,117386.2,,15-01-2020,,Average
CUST3172,Male,45,North,20,66502.47,3,No,Inactive,56136.97,No,,Aug 5 2023,Average
CUST3173,Male,28,south ,12,,1,1,0,26804.36,0,,,Average
CUST3174,,42,North,13,36878.76,,0,1,57797.28,0,15-02-2021,, poor
CUST3175,F,26,,3,48211.82,1,No,0,88027.6,0,March 3 2022,Aug 5 2023,Good
CUST3176,Female,42,West,44,34519.33,2,Yes,,87220.76,No,15-01-2020,Aug 5 2023,excellent 
CUST3177,M,43,,28,74648.66,1,No,Active,,0,15-01-2020,10-07-2023,Average
CUST3178,,53,West,13,4580.91,2,0,Inactive,85785.54,,15-01-2020,, poor
,M,23,West,29,81699.2,,1,,45096.19,0,March 3 2022,10-06-2023,excellent 
CUST3180,,30,South,22,57978.98,,,Active,130959.49,No,,10-07-2023,Bad
CUST3181,M,49,South,1,,4,0,Active,35155.47,No,15-01-2020,Aug 5 2023, poor
CUST3182,M,36,North,16,59379.25,3,Yes,Active,124984.83,No,15-01-2020,, poor
CUST3183,Female,30,south ,46,66180.06,4,,0,56955.71,,15-01-2020,10-06-2023,Bad
CUST3184,,51,North,50,75784.63,1,Yes,Active,31833.23,No,15-01-2020,,excellent 
CUST3185,F,43,,44,52890.36,1,0,1,110169.91,No,,10-06-2023, poor
CUST3186,F,76,south ,50,43854.93,1,1,,41849.08,No,March 3 2022,10-06-2023,Good
CUST3187,M,32,North,40,8360.09,2,,1,146482.79,No,15-01-2020,,Bad
CUST3188,,39,South,30,51822.51,,Yes,Active,75102.09,,March 3 2022,10-06-2023,Bad
CUST3189,F,65,East,38,48912.79,1,1,1,87061.79,,,10-06-2023,excellent 
CUST3190,,75,,12,55359.42,4,,0,88658.51,,15-01-2020,Aug 5 2023,Good
CUST3191,Male,54,south ,27,51868.85,,No,Active,109100.52,No,15-02-2021,10-06-2023,Bad
CUST3192,F,49,,40,15432.45,,Yes,1,49179.81,0,March 3 2022,Aug 5 2023,Good
CUST3193,M,75,NORTH,37,19362.34,2,Yes,Active,,0,15-01-2020,,Bad
CUST3194,,43,East,31,49507.2,1,0,1,47977.58,No,15-01-2020,10-07-2023,Bad
CUST3195,M,46,North,21,33108.9,3,Yes,0,24502.44,No,March 3 2022,10-07-2023,Average
CUST3196,Male,36,West,24,52796.18,2,No,Inactive,88516.22,0,,Aug 5 2023,Good
CUST3197,M,24,South,38,26363.96,1,1,,113913.04,0,15-02-2021,10-07-2023,Good
CUST3198,F,27,West,54,,2,,,125887.18,0,March 3 2022,Aug 5 2023, poor
CUST3199,M,68,,57,94410.27,,,1,101811.91,0,,10-07-2023,Good
CUST3200,F,27,West,8,67236.48,3,No,Active,101230.93,No,March 3 2022,Aug 5 2023,
CUST3201,M,32,West,10,83379.78,4,,,37770.69,0,15-01-2020,10-07-2023, poor
CUST3202,Male,45,West,12,25249.7,4,0,0,65615.66,0,,Aug 5 2023,Good
CUST3203,Male,21,West,45,94006,2,No,,,No,15-01-2020,, poor
CUST3204,Female,31,West,25,,4,1,Active,,,March 3 2022,10-06-2023, poor
CUST3205,Male,47,West,1,1992.88,4,,1,67756.79,No,,10-06-2023,
CUST3206,Female,20,south ,21,45877.94,4,,0,68541.59,0,15-02-2021,10-07-2023,Good
CUST3207,M,28,South,16,86157.79,4,1,1,92041.91,No,15-02-2021,,excellent 
CUST3208,M,60,NORTH,23,65083.92,,1,,35170.99,,,10-07-2023,Average
CUST3209,M,49,East,35,34223.59,2,Yes,1,133424.45,,15-02-2021,10-06-2023,
CUST3210,,26,West,26,6403.76,2,No,Inactive,113401.06,Yes,March 3 2022,Aug 5 2023,excellent 
CUST3211,Male,51,South,33,58375.58,,No,,31184.36,No,March 3 2022,10-07-2023,Average
CUST3212,F,47,South,1,38316.32,1,0,Inactive,100539.91,,15-02-2021,10-07-2023, poor
,F,44,South,1,23832.28,2,0,0,131369.23,No,15-01-2020,10-06-2023,
CUST3214,F,62,South,21,13298.85,2,Yes,Inactive,38838.09,No,March 3 2022,10-06-2023,excellent 
CUST3215,,30,West,20,43800.35,,,,36002.68,0,15-01-2020,10-07-2023,excellent 
CUST3216,Female,75,,49,74159.95,1,,Inactive,87220.76,,15-01-2020,Aug 5 2023,
CUST3217,Male,73,North,39,90225.14,,,0,,,,Aug 5 2023,Good
CUST3218,Male,65,East,56,39203.15,3,No,,139836.87,No,,,
CUST3219,Female,70,North,15,47415.11,3,Yes,0,26052.26,,,,Good
CUST3220,Female,28,,16,81069.26,2,1,1,91975.31,,March 3 2022,10-07-2023,
CUST3221,Male,51,North,32,19825.7,,No,0,29265.65,1,,Aug 5 2023,Bad
CUST3222,,21,south ,31,81049.62,3,,Inactive,125001.29,No,15-01-2020,Aug 5 2023,Bad
CUST3223,M,26,south ,46,74100.2,3,1,0,68319.61,No,March 3 2022,10-06-2023,Good
CUST3224,M,47,South,8,38506.72,,0,0,94266.88,Yes,March 3 2022,,excellent 
CUST3225,F,35,West,10,2402.8,3,Yes,0,33675.48,0,15-01-2020,,excellent 
CUST3226,,20,North,13,39737.83,2,0,,51578.48,0,15-02-2021,10-07-2023,Bad
CUST3227,Female,64,North,54,73436.69,3,Yes,Active,32260.12,0,,10-06-2023,Average
CUST3228,,52,South,45,,2,,,24830.59,0,15-02-2021,10-06-2023,Good
CUST3229,Male,59,,36,36329.83,,No,0,114222.84,No,March 3 2022,10-06-2023,Bad
CUST3230,,34,south ,4,631.61,1,,,37540.29,1,15-02-2021,10-06-2023,
CUST3231,F,39,NORTH,23,36807.72,4,0,0,84455.91,,15-02-2021,10-06-2023,Average
CUST3232,Female,21,,51,10432.51,1,Yes,0,145446.57,,March 3 2022,Aug 5 2023,Average
CUST3233,F,66,NORTH,41,,2,0,0,145909.8,No,,10-07-2023,Bad
CUST3234,F,66,East,8,24739.6,4,No,Inactive,91814.98,No,,10-06-2023,
CUST3235,Female,62,NORTH,3,8815.98,4,,,80162.76,,15-01-2020,10-06-2023,excellent 
CUST3236,Female,27,NORTH,8,67062.54,3,No,,69482.66,0,15-02-2021,10-07-2023,Good
CUST3237,Male,67,East,57,94110.5,3,1,Inactive,,No,15-02-2021,Aug 5 2023,excellent 
CUST3238,Male,73,East,5,64528.98,1,1,Inactive,67679.63,No,March 3 2022,10-07-2023,Good
CUST3239,,39,South,2,,2,,Active,124343.59,No,March 3 2022,,Average
,,62,South,19,4543.34,4,,,20030.94,,15-02-2021,,Bad
CUST3241,M,29,North,36,,1,1,1,68495.01,No,15-02-2021,,excellent 
CUST3242,Female,43,,44,33803.22,2,1,1,136839.36,,15-01-2020,, poor
CUST3243,M,19,East,22,17524.35,1,1,Inactive,105332.03,0,15-01-2020,,
CUST3244,,22,West,15,41665.92,1,1,0,64194.47,0,March 3 2022,10-07-2023,Bad
CUST3245,,44,NORTH,48,62213.42,,0,Active,35839.23,0,,Aug 5 2023,Average
CUST3246,Male,36,south ,27,43961.52,,No,0,71090.79,No,15-01-2020,10-06-2023,Good
CUST3247,M,64,,7,72645.85,3,0,,79500.79,No,15-01-2020,10-07-2023, poor
CUST3248,Male,34,NORTH,41,19825.69,,1,,120125.22,No,15-02-2021,10-07-2023,
CUST3249,M,22,NORTH,33,22626.43,2,1,Inactive,47189.74,,15-02-2021,Aug 5 2023,Bad
CUST3250,,22,,16,,4,No,0,113809.77,No,March 3 2022,10-07-2023, poor
CUST3251,M,74,NORTH,55,53305.49,2,1,1,,No,March 3 2022,10-06-2023,excellent 
CUST3252,M,29,,2,4483.94,2,,,93615.22,,15-01-2020,,excellent 
CUST3253,Female,50,North,25,28848.97,3,0,Active,109933.67,No,15-02-2021,Aug 5 2023,Bad
CUST3254,,58,,32,62165.93,,,,125994.51,No,15-01-2020,, poor
CUST3255,F,74,south ,18,65372.45,4,1,Inactive,148213.05,,March 3 2022,Aug 5 2023,excellent 
CUST3256,M,65,North,3,15334.4,,Yes,0,77521.83,0,15-01-2020,10-07-2023,Good
CUST3257,,70,NORTH,12,45913.36,3,No,1,57164.69,0,,10-07-2023, poor
CUST3258,M,35,south ,40,6754.63,4,No,Inactive,44807.52,0,,Aug 5 2023,Bad
CUST3259,M,51,South,46,2802.02,2,1,Inactive,32176.58,,15-01-2020,, poor
CUST3260,Male,37,West,51,87789.68,,No,0,77303.98,0,15-02-2021,, poor
CUST3261,Male,37,,45,85274.95,,Yes,0,99368.26,,15-02-2021,10-06-2023,
CUST3262,Male,57,,47,,2,Yes,0,124758.6,,15-02-2021,Aug 5 2023,
CUST3263,M,33,NORTH,46,32506.33,1,,0,35695.68,0,March 3 2022,10-07-2023,Average
CUST3264,F,60,,4,50064.17,1,Yes,Active,131211,No,15-02-2021,10-06-2023,Bad
CUST3265,Female,19,South,2,65861.75,4,No,Active,20834.55,No,15-02-2021,,Good
CUST3266,F,45,North,46,68009.45,2,No,Inactive,24023.77,No,15-02-2021,Aug 5 2023,Bad
CUST3267,F,77,NORTH,1,,4,0,,149998.36,0,15-01-2020,Aug 5 2023,excellent 
CUST3268,Male,40,North,33,70680.75,2,0,,58623.05,,March 3 2022,,
CUST3269,M,34,south ,19,44262.42,3,No,Inactive,33021.61,0,15-02-2021,Aug 5 2023,
CUST3270,Female,41,East,19,12280.15,,Yes,Active,51237.51,,15-01-2020,10-06-2023,excellent 
CUST3271,,68,NORTH,23,,1,No,1,59039.48,No,,Aug 5 2023,Good
CUST3272,Male,50,,7,70809.1,2,Yes,Inactive,139106.25,0,15-02-2021,10-07-2023,Good
CUST3273,Female,21,south ,26,42523.28,2,No,1,,No,March 3 2022,10-06-2023,Good
CUST3274,M,24,South,42,34704.17,3,0,0,96979.09,,March 3 2022,,
CUST3275,M,73,West,47,98843.8,3,No,Active,148936.69,No,15-01-2020,10-07-2023,excellent 
CUST3276,Male,28,South,24,,4,,Active,,Yes,15-01-2020,,Good
CUST3277,Male,27,West,41,32117.54,,Yes,0,116964.15,No,March 3 2022,Aug 5 2023,
CUST3278,Female,49,,30,47581.45,2,Yes,0,60310.56,,15-02-2021,10-06-2023,Good
CUST3279,F,33,East,19,63917.97,,0,Active,115180.8,,March 3 2022,Aug 5 2023, poor
CUST3280,M,24,West,31,55559.64,1,Yes,0,92361.74,0,,Aug 5 2023, poor
CUST3281,,63,NORTH,36,12300.01,4,Yes,Active,67278.92,No,,Aug 5 2023,excellent 
CUST3282,Female,66,West,40,20710,2,Yes,Active,136598.82,No,15-02-2021,Aug 5 2023,Good
CUST3283,F,73,East,29,19917.26,3,,1,74614.29,No,15-02-2021,Aug 5 2023,
CUST3284,M,25,North,2,62041.75,3,Yes,1,112767.67,No,,Aug 5 2023,Bad
CUST3285,F,73,NORTH,57,78729.01,4,Yes,0,82592.34,0,15-02-2021,10-06-2023, poor
CUST3286,M,36,East,43,63968.14,1,0,Active,120147.79,0,15-01-2020,Aug 5 2023,Bad
CUST3287,,23,West,20,81990.16,,No,1,79465.43,No,15-02-2021,, poor
CUST3288,,42,south ,35,74801.91,2,1,Active,147395.08,No,15-01-2020,,Good
CUST3289,F,69,North,51,,2,0,Active,145959.32,0,15-02-2021,10-07-2023,Average
CUST3290,M,52,North,10,644.84,,,Active,115732.72,,15-02-2021,,Good
CUST3291,,60,East,14,48729.43,,No,0,127384.49,,15-02-2021,, poor
CUST3292,Male,77,,29,27386.26,2,1,Inactive,42400.04,,15-01-2020,,excellent 
CUST3293,,31,West,24,18431.73,4,No,Inactive,127800.84,0,15-01-2020,10-07-2023,Good
CUST3294,M,71,South,27,12482.7,,,,95766.22,No,15-02-2021,, poor
CUST3295,Female,41,West,28,84179.25,2,,Active,45482.94,0,,,
CUST3296,F,63,South,2,1821.25,1,0,Inactive,36534.15,0,15-01-2020,10-06-2023,Average
CUST3297,Female,76,East,29,85396.46,4,0,0,,,15-01-2020,,Average
CUST3298,Male,20,East,40,13847.94,3,Yes,Active,,No,15-01-2020,10-07-2023,Bad
CUST3299,,52,South,9,68437.22,,1,1,95472.41,0,March 3 2022,10-07-2023,Average
CUST3300,M,59,south ,12,13669.28,2,1,1,138116.62,,15-01-2020,10-06-2023,Bad
CUST3301,Male,20,South,7,31508.22,,Yes,,116726.17,0,,Aug 5 2023,Average
CUST3302,Female,50,,55,41432,4,,,127235.38,No,,,Bad
CUST3303,M,66,South,9,45.26,,,1,111413.84,No,15-01-2020,Aug 5 2023,Good
CUST3304,F,42,East,25,60479.59,,0,,112184.82,Yes,,Aug 5 2023,Good
CUST3305,,18,East,59,52123.15,4,0,Inactive,84693.19,0,,10-06-2023,
CUST3306,F,44,East,20,78650.63,,1,Active,40342.72,No,March 3 2022,,excellent 
CUST3307,M,25,,45,99921.39,,Yes,Active,117578.39,0,15-01-2020,Aug 5 2023,excellent 
CUST3308,F,32,,48,63827,3,Yes,0,109386.67,0,March 3 2022,10-06-2023,Bad
CUST3309,M,51,North,36,11239.34,4,Yes,1,125960,,15-02-2021,,Bad
CUST3310,Female,31,NORTH,43,7325.1,1,Yes,,149622.07,,15-01-2020,10-07-2023,excellent 
CUST3311,,60,,9,1206.89,2,0,,94329.31,0,15-01-2020,,Bad
CUST3312,F,48,,1,47867.11,,,Active,23103.87,,,10-06-2023,Good
CUST3313,M,,NORTH,16,53478.85,3,No,1,52810.11,0,March 3 2022,10-06-2023, poor
CUST3314,Male,37,South,,48094.75,,,Active,90065.78,0,March 3 2022,10-07-2023,Bad
CUST3315,Female,28,South,29,37024.92,2,,0,126276.89,0,15-01-2020,10-06-2023,Good
CUST3316,Male,74,West,8,91799.41,2,Yes,,45794.18,0,,,Average
CUST3317,,21,West,8,98797.91,4,0,,62226.55,0,March 3 2022,Aug 5 2023,Bad
CUST3318,Female,36,West,3,21329.61,2,1,0,137941.18,,15-02-2021,Aug 5 2023,Average
CUST3319,Male,75,South,35,83933.72,1,1,Active,71056.95,No,15-02-2021,10-07-2023,Average
CUST3320,Male,41,East,54,48457.35,4,0,Inactive,,No,15-02-2021,10-06-2023, poor
CUST3321,F,22,North,25,43539.93,,No,Active,118299.51,0,,Aug 5 2023,Average
CUST3322,Female,,West,54,10624.94,1,No,0,31825.19,,,10-07-2023,Bad
CUST3323,,49,,41,93345.28,4,No,,32130.86,0,,,Good
CUST3324,Female,61,East,21,90194.36,4,,1,47441.07,No,March 3 2022,10-06-2023,excellent 
CUST3325,Female,23,North,51,31051.28,4,0,0,48382.66,0,15-01-2020,10-06-2023,Average
CUST3326,Male,42,East,3,86461.66,,Yes,1,101127.41,No,15-02-2021,,Bad
CUST3327,M,47,East,46,,4,1,,101187.04,No,March 3 2022,,excellent 
CUST3328,Male,46,NORTH,17,36548.82,4,Yes,Active,130934.24,No,15-01-2020,, poor
CUST3329,F,19,south ,38,13698.87,2,1,1,96277.55,No,15-01-2020,,Average
CUST3330,,18,North,23,6952.05,2,No,1,40359.74,0,March 3 2022,10-06-2023,Good
CUST3331,Male,44,East,4,81644.43,1,0,1,119920.16,0,15-02-2021,10-07-2023,
CUST3332,Male,18,North,20,36900.64,2,Yes,Inactive,,0,March 3 2022,Aug 5 2023,Average
CUST3333,M,29,south ,38,40953.55,1,Yes,1,106621.53,No,15-02-2021,10-07-2023,excellent 
CUST3334,Male,70,South,9,84044.12,1,1,Active,,No,March 3 2022,10-06-2023,
CUST3335,Female,71,south ,10,95056.11,4,1,Active,34296.24,0,15-02-2021,,Good
CUST3336,Female,53,South,48,7146.65,4,,Inactive,139013.11,No,March 3 2022,10-06-2023, poor
CUST3337,Female,19,East,40,11058.06,,No,Active,54177.67,No,March 3 2022,10-07-2023,excellent 
CUST3338,M,29,South,44,83310.95,2,1,Inactive,29209.57,0,15-02-2021,Aug 5 2023,excellent 
CUST3339,,32,,28,97271.44,4,,1,92426.79,,March 3 2022,,Bad
CUST3340,,52,West,18,55011.07,4,Yes,Active,43595.87,No,15-02-2021,,Average
CUST3341,Male,27,North,33,11910.49,,Yes,Inactive,113735.85,No,15-01-2020,Aug 5 2023,Bad
CUST3342,Male,47,,44,60426.48,1,,0,,,March 3 2022,Aug 5 2023, poor
CUST3343,F,76,,,59489.41,3,0,1,,No,15-01-2020,10-07-2023,
CUST3344,Male,21,south ,50,12677.75,2,1,0,22374.8,,15-02-2021,10-07-2023,excellent 
CUST3345,F,50,South,38,51051.5,,Yes,Inactive,88787.95,0,,10-07-2023,excellent 
CUST3346,F,22,East,37,75617.57,2,,Active,60692.2,No,15-02-2021,10-07-2023,
CUST3347,,37,North,33,28097.83,1,1,,107111.35,No,15-02-2021,10-07-2023,
CUST3348,,63,south ,5,63382.17,,,Inactive,42137.12,No,March 3 2022,, poor
CUST3349,F,33,West,20,44981.64,1,1,1,82546.31,0,15-02-2021,Aug 5 2023,excellent 
CUST3350,,23,West,46,61552.45,3,1,1,58504.36,,March 3 2022,Aug 5 2023,
CUST3351,,72,South,27,2119.78,2,No,1,21540.25,No,15-02-2021,10-07-2023, poor
CUST3352,,21,NORTH,,89468.2,4,0,,138421.5,No,,,Good
CUST3353,Female,44,East,31,3594.96,2,,1,47030.26,,,,Good
CUST3354,F,59,East,42,62782.35,,1,,96583.03,0,15-01-2020,Aug 5 2023,Average
CUST3355,M,26,south ,13,10120.9,,No,Inactive,27643.19,0,15-02-2021,10-06-2023,Good
CUST3356,M,54,East,59,,4,,1,101470,No,15-01-2020,,excellent 
CUST3357,M,22,East,7,18320.36,,,,38478.67,No,15-01-2020,10-06-2023,
CUST3358,Male,40,south ,35,40249.74,1,No,Inactive,143572.3,0,15-02-2021,,Bad
CUST3359,Male,76,West,46,97837.42,2,0,0,,No,15-01-2020,Aug 5 2023,Good
CUST3360,Male,27,,23,,2,,,,No,,10-06-2023,
CUST3361,,34,south ,27,45969.35,2,No,Inactive,68959.16,No,March 3 2022,Aug 5 2023,
CUST3362,M,36,East,7,11241.1,,0,Active,140719.85,No,15-01-2020,10-07-2023,excellent 
CUST3363,Male,72,West,35,14279.7,3,,,,0,,10-06-2023,
CUST3364,M,29,south ,43,,4,Yes,0,57380.23,No,15-02-2021,10-06-2023, poor
CUST3365,Female,32,NORTH,37,22493.01,3,0,Inactive,96319.41,,15-02-2021,10-06-2023,Average
CUST3366,,49,,13,49704.81,3,0,1,129850.91,No,March 3 2022,10-06-2023,
CUST3367,,63,south ,35,69655.92,1,0,,28596.95,No,,10-07-2023,excellent 
CUST3368,F,57,NORTH,24,87726.84,4,,Active,62802.43,0,15-01-2020,Aug 5 2023,excellent 
CUST3369,,29,North,34,32100.3,,,0,142479.1,,15-01-2020,10-07-2023,Average
CUST3370,M,66,south ,33,,,No,Active,49094.84,No,March 3 2022,10-07-2023,Bad
CUST3371,F,49,West,9,6601.37,1,,0,91234.16,,,10-06-2023,Bad
CUST3372,Male,21,NORTH,11,9517.93,1,0,Inactive,26157.31,0,15-01-2020,10-07-2023,excellent 
CUST3373,,31,South,49,13906.74,4,0,Inactive,33782.98,0,March 3 2022,Aug 5 2023,Good
CUST3374,Male,71,,46,17013.07,2,No,,66357.52,No,15-01-2020,Aug 5 2023,Bad
CUST3375,,48,NORTH,44,24437.33,1,No,1,51709.59,No,15-01-2020,10-07-2023,Average
CUST3376,F,33,West,33,61537.78,3,,Inactive,24160.06,0,15-01-2020,10-06-2023,Average
CUST3377,Male,76,south ,57,84078.7,1,No,Active,32398.64,No,March 3 2022,10-06-2023,Good
CUST3378,,70,south ,42,75204.36,,No,,107010.07,Yes,,10-07-2023,Average
CUST3379,F,27,,25,93380.1,,,1,101817.53,0,15-01-2020,,Average
CUST3380,,50,North,,64413.68,,1,Inactive,123595.4,0,March 3 2022,Aug 5 2023,excellent 
CUST3381,,35,NORTH,28,54756.92,4,1,0,58597.46,,15-01-2020,Aug 5 2023,
CUST3382,,47,North,38,88785.07,2,No,,56364.08,No,15-01-2020,10-07-2023,Good
CUST3383,,36,West,22,51550.89,2,1,Inactive,134815.34,,,Aug 5 2023,
CUST3384,Female,65,south ,46,37732.02,2,0,Active,89652.83,No,,10-06-2023,Good
CUST3385,,79,NORTH,12,34405.63,4,1,0,,0,15-02-2021,,
CUST3386,F,47,south ,33,61931.45,3,,,125544.32,No,March 3 2022,10-07-2023,Good
CUST3387,F,52,south ,12,59999.46,2,,1,63635.82,0,,, poor
CUST3388,M,57,NORTH,9,97706.97,1,1,1,119221.05,0,,10-06-2023, poor
CUST3389,F,52,West,14,11747.64,4,1,0,,0,15-02-2021,10-07-2023,Good
CUST3390,,32,West,4,85613.13,3,Yes,0,43436.08,,15-01-2020,,excellent 
CUST3391,Male,45,West,52,69813.55,2,No,1,75117.17,0,March 3 2022,Aug 5 2023, poor
CUST3392,Female,48,North,,61697.05,4,0,,82108.24,No,15-01-2020,,Good
CUST3393,Male,52,East,21,21835.29,,,,64152.84,0,15-01-2020,10-07-2023,Average
CUST3394,M,45,NORTH,23,39282.88,1,No,1,55641.11,No,March 3 2022,10-07-2023,Good
CUST3395,M,67,West,59,54657.01,3,1,Active,,0,15-01-2020,, poor
CUST3396,Male,76,south ,50,47255.86,4,1,,61545.36,,15-02-2021,10-07-2023, poor
CUST3397,Male,30,,49,69571.5,2,No,Active,122076.79,No,15-02-2021,10-06-2023,Good
CUST3398,Female,18,,,82656.39,,No,,102615.97,Yes,March 3 2022,,Average
CUST3399,,51,West,4,97230.16,,No,Active,109408.71,0,15-01-2020,,Good
CUST3400,Female,28,south ,58,43690.96,2,No,Active,28398.12,No,15-02-2021,10-06-2023,Bad
CUST3401,Male,34,south ,29,18277.07,3,,0,38206.01,No,15-02-2021,10-06-2023,Average
CUST3402,Female,56,south ,53,60342.49,1,No,1,91219.66,,15-01-2020,10-06-2023,Good
CUST3403,,78,North,4,54045.93,,1,Active,126016.84,0,,,excellent 
CUST3404,,63,south ,23,,1,1,Active,133918.12,Yes,March 3 2022,10-06-2023,excellent 
CUST3405,,33,South,31,86770.92,4,0,0,132115.62,No,15-01-2020,10-07-2023,excellent 
CUST3406,Male,30,south ,5,30626.82,,,0,125727.78,0,15-01-2020,,
CUST3407,M,39,,58,52605.7,3,,,114304.8,0,,10-06-2023,Bad
CUST3408,,32,West,47,85970.79,3,Yes,Active,71005.3,0,15-01-2020,10-06-2023,Bad
CUST3409,Female,55,West,24,85278.07,2,1,,69302.77,,March 3 2022,, poor
CUST3410,Female,21,,28,21836.64,3,,1,27554.24,No,,Aug 5 2023,Bad
CUST3411,Male,53,North,10,82042.81,2,Yes,Active,128207.29,,15-02-2021,,Average
CUST3412,Male,51,NORTH,9,256.39,2,Yes,Inactive,62347,No,,10-06-2023,
CUST3413,F,25,,3,21205.76,3,Yes,1,57672.71,No,15-01-2020,10-06-2023,Average
CUST3414,Male,75,South,6,78739.96,4,Yes,1,,,15-02-2021,10-07-2023,
CUST3415,M,50,West,10,34028.51,2,1,0,78488.95,0,March 3 2022,Aug 5 2023,excellent 
CUST3416,,18,North,50,16710.65,3,Yes,0,103840.38,0,15-01-2020,,Good
CUST3417,,61,,49,46886.51,2,1,0,78872.08,No,15-02-2021,10-06-2023,excellent 
CUST3418,F,57,East,15,20381.81,1,1,1,51816.39,0,15-01-2020,10-06-2023,
CUST3419,F,72,East,2,17692.65,4,Yes,Inactive,118968.6,0,March 3 2022,,excellent 
CUST3420,F,45,North,17,,2,No,Active,28946.33,1,15-01-2020,,Good
CUST3421,,58,south ,8,,,No,,130402.96,,March 3 2022,Aug 5 2023,Bad
CUST3422,,79,south ,48,80790.09,4,No,,48214.54,No,March 3 2022,10-07-2023, poor
CUST3423,Female,77,South,48,39476.24,4,Yes,Inactive,106220.88,No,15-02-2021,10-07-2023,
CUST3424,Male,60,South,56,30449.34,1,Yes,,90204.7,0,,10-06-2023,Bad
CUST3425,Female,27,East,3,30787.88,3,0,,135352.93,1,15-01-2020,Aug 5 2023,
CUST3426,,25,NORTH,56,67092.37,2,0,,36673.22,0,15-01-2020,10-07-2023,Good
CUST3427,Male,50,,4,40217.44,4,,1,56825.84,No,March 3 2022,10-07-2023,Bad
,M,19,,8,32325.49,2,No,Active,29586.8,0,15-02-2021,Aug 5 2023,Good
CUST3429,,19,West,54,71038.79,,1,Active,135776.2,0,,,excellent 
CUST3430,Male,58,,35,57515.74,3,Yes,Active,,0,,Aug 5 2023, poor
CUST3431,Female,37,North,44,44431.36,4,No,1,72767.79,0,,10-06-2023,Bad
CUST3432,M,33,,29,7572.52,1,0,Active,125387.44,0,,,Good
CUST3433,M,,south ,41,40702.45,,,Active,61369.89,0,15-02-2021,Aug 5 2023,
CUST3434,Male,59,NORTH,4,44611.22,,,1,111038.34,No,15-02-2021,10-07-2023,
CUST3435,,54,NORTH,3,5504.99,2,1,Active,84337.78,No,,10-06-2023,Average
CUST3436,Male,51,NORTH,39,31019.55,,1,,69245.96,0,,Aug 5 2023,excellent 
CUST3437,Female,28,North,56,42660.91,,0,0,,0,,10-07-2023,Good
CUST3438,Male,78,,43,88357.04,2,Yes,1,34903.51,1,15-01-2020,Aug 5 2023,Average
CUST3439,,51,,46,4438.07,3,No,0,123127.66,0,,Aug 5 2023,excellent 
CUST3440,M,57,East,24,87717.57,2,Yes,1,51457.17,0,,Aug 5 2023,Good
CUST3441,Female,19,West,37,84937.53,3,Yes,,77277.43,No,15-02-2021,,excellent 
CUST3442,Male,79,south ,46,715.42,4,0,Active,114865.29,Yes,March 3 2022,10-06-2023,
CUST3443,Male,25,,20,59899.38,4,No,Inactive,93365.94,,15-02-2021,Aug 5 2023, poor
CUST3444,M,45,,55,14748.75,1,,Inactive,98986.25,No,March 3 2022,10-07-2023,excellent 
CUST3445,,67,North,42,,3,0,,,No,March 3 2022,, poor
CUST3446,Female,65,,41,43265.69,3,No,0,44614.62,0,15-01-2020,Aug 5 2023,excellent 
CUST3447,M,27,south ,23,99169.69,1,1,0,95160.95,,15-02-2021,Aug 5 2023,Average
CUST3448,M,58,,4,,4,0,Inactive,66648.6,No,March 3 2022,Aug 5 2023,excellent 
CUST3449,F,19,south ,34,57744.83,4,1,1,99117.32,Yes,,,Good
CUST3450,Male,73,,,30658.62,,0,0,33259.65,No,March 3 2022,,Bad
CUST3451,F,29,West,34,75276.9,3,Yes,Active,68663.13,No,March 3 2022,,Average
CUST3452,Female,74,West,30,4314.61,1,1,Inactive,28616.45,0,March 3 2022,10-07-2023, poor
CUST3453,,34,South,47,75417.6,3,0,1,42274.67,0,15-02-2021,Aug 5 2023, poor
CUST3454,Female,18,East,1,56814.19,2,No,,144241.37,,15-01-2020,10-07-2023,Bad
CUST3455,,21,North,56,79799.21,1,0,0,78157.49,No,March 3 2022,Aug 5 2023, poor
CUST3456,,63,South,1,20342.53,1,0,,76703.23,No,March 3 2022,Aug 5 2023,Bad
CUST3457,,27,East,1,77163.17,4,,Inactive,99296.01,0,15-02-2021,Aug 5 2023,Average
CUST3458,Female,66,East,49,81698.47,2,Yes,0,23484.54,,,Aug 5 2023,
CUST3459,F,,south ,,,2,No,Inactive,112203.34,0,,10-06-2023,Bad
CUST3460,M,72,North,34,41783.61,4,,,80023.64,0,March 3 2022,Aug 5 2023,Good
CUST3461,F,67,South,29,75944.07,1,1,,116363.21,No,15-01-2020,,
CUST3462,M,24,South,29,75793.62,4,Yes,Inactive,,0,March 3 2022,,excellent 
CUST3463,F,77,south ,19,88746.28,,No,Active,63275.76,No,15-02-2021,,Bad
CUST3464,Male,57,East,6,87217.24,1,0,Active,60632.92,,15-01-2020,10-07-2023,Average
CUST3465,M,77,West,50,89248.48,,0,0,141718.75,No,March 3 2022,10-07-2023,Bad
CUST3466,Female,40,West,,93416.98,1,1,0,49825.28,0,,,Average
CUST3467,Female,22,NORTH,52,58857.95,1,0,,68242.91,0,,10-06-2023,
CUST3468,F,35,south ,4,46121.45,1,1,1,49629.31,0,15-01-2020,, poor
CUST3469,Female,72,West,32,,4,Yes,1,105604.57,No,15-01-2020,10-06-2023, poor
CUST3470,Female,60,south ,21,4683.95,,No,1,21889.71,No,15-01-2020,,excellent 
CUST3471,Male,26,West,53,60567.25,3,0,Active,129065.22,No,March 3 2022,Aug 5 2023,Good
CUST3472,M,58,,14,93613.59,4,No,Active,138599.59,No,March 3 2022,, poor
CUST3473,Male,36,NORTH,37,40968.3,3,0,1,148353.63,No,15-02-2021,10-07-2023, poor
,,65,North,41,83756.3,,1,0,,No,March 3 2022,Aug 5 2023,excellent 
CUST3475,F,57,North,12,62163.34,3,1,Active,72153.58,,15-02-2021,10-06-2023,
CUST3476,Female,39,,29,59701.26,3,0,,,0,March 3 2022,,Good
CUST3477,Female,42,North,23,9913.2,4,No,1,100125.48,No,,,Good
,Female,46,South,55,26470.43,4,Yes,,132302.24,0,,Aug 5 2023,Average
CUST3479,M,33,south ,51,47981.41,3,,0,144334.64,,March 3 2022,,Bad
CUST3480,,34,south ,40,75481.42,4,0,Inactive,73923.4,0,March 3 2022,,excellent 
CUST3481,,29,South,51,18475.02,,Yes,Inactive,146256.03,0,,10-06-2023,Bad
CUST3482,F,42,South,38,53589.75,4,No,,36838.35,No,,10-06-2023, poor
CUST3483,F,47,West,1,75464.19,1,0,Active,47015.61,0,March 3 2022,Aug 5 2023, poor
CUST3484,F,56,West,45,42228.12,,Yes,Active,,,March 3 2022,Aug 5 2023, poor
CUST3485,,34,West,54,39578.39,2,,0,,,15-02-2021,,
CUST3486,Male,76,North,2,2117.09,4,Yes,1,139087.41,No,March 3 2022,,Good
CUST3487,Female,25,West,34,53116.5,4,Yes,Active,79680.33,,March 3 2022,Aug 5 2023,Bad
CUST3488,F,36,,15,52439.28,,No,,136122.09,0,March 3 2022,10-07-2023,
CUST3489,Male,71,South,47,25043.86,1,1,0,,No,15-02-2021,10-06-2023,Good
CUST3490,F,68,South,52,77474.04,2,0,1,,0,15-01-2020,Aug 5 2023,Bad
CUST3491,Female,30,North,32,39753.63,2,No,Active,131240.83,,15-01-2020,10-07-2023,Average
CUST3492,,43,NORTH,22,7167.63,1,Yes,0,137995.15,0,15-02-2021,,Average
CUST3493,,79,,11,98652.06,2,,0,52529.01,0,March 3 2022,Aug 5 2023, poor
CUST3494,M,60,south ,45,27465.85,2,,1,120700.69,No,,10-07-2023,
CUST3495,Male,26,South,8,67141.79,,No,,34984.66,0,15-02-2021,10-06-2023,Good
CUST3496,M,45,NORTH,14,15894.07,1,,,58451.86,0,March 3 2022,,Average
CUST3497,Female,56,North,8,65052.23,4,0,Inactive,129280.96,,15-02-2021,10-07-2023, poor
CUST3498,F,47,North,53,69188.78,1,,0,140664.64,,15-01-2020,Aug 5 2023,
CUST3499,F,32,,18,74719.56,,No,,105910.89,No,,10-06-2023,Average
,F,23,West,40,55185.81,1,Yes,1,71725.68,,,, poor
CUST3501,M,23,,47,60340.67,,Yes,Inactive,118480.64,No,,10-06-2023,
CUST3502,Male,60,South,45,14032.81,,,Inactive,74644.87,0,15-02-2021,Aug 5 2023,
CUST3503,,63,south ,20,67386.16,1,No,Inactive,83432.17,,15-01-2020,10-07-2023,Average
CUST3504,F,75,NORTH,9,74341.09,1,Yes,Active,95590.86,,15-02-2021,10-07-2023,
CUST3505,,66,NORTH,13,,,,Inactive,90955.17,1,15-01-2020,10-07-2023,
CUST3506,Female,45,South,50,48372.1,1,,1,67305.72,0,15-01-2020,Aug 5 2023,Bad
CUST3507,F,57,North,51,58990.29,3,,,105596.57,0,15-01-2020,10-07-2023,
CUST3508,,31,south ,46,,2,1,0,87770.37,No,March 3 2022,,
CUST3509,F,39,south ,12,22820.7,2,Yes,,109974.16,0,15-01-2020,Aug 5 2023,Bad
CUST3510,F,51,East,10,13813.38,4,No,1,136733.79,No,15-01-2020,10-07-2023, poor
CUST3511,Male,39,south ,28,31615.3,2,,1,136527,No,15-01-2020,10-07-2023, poor
CUST3512,Male,36,West,42,39768.75,,1,Active,23643.55,0,March 3 2022,10-06-2023, poor
CUST3513,F,75,North,31,70071.87,,No,,21213.77,0,March 3 2022,10-07-2023,excellent 
CUST3514,Male,32,south ,53,52254.76,3,No,,31615.31,No,March 3 2022,10-07-2023,Bad
CUST3515,,50,,50,95228.03,2,No,,104149.73,0,,10-06-2023,Average
CUST3516,,,East,35,24531.99,1,0,Inactive,97163.88,0,March 3 2022,Aug 5 2023,Average
CUST3517,,46,NORTH,28,75307.99,2,0,Active,,No,March 3 2022,10-06-2023,
CUST3518,Female,73,North,3,9548.25,1,Yes,,148378.18,0,15-02-2021,,Bad
CUST3519,M,40,NORTH,1,64406.55,4,0,Inactive,52939.91,,15-01-2020,10-06-2023,Bad
CUST3520,Female,38,NORTH,14,,3,No,0,57885.05,,March 3 2022,, poor
CUST3521,Female,45,South,52,94001.99,3,1,0,68640.57,Yes,15-01-2020,Aug 5 2023,excellent 
CUST3522,F,39,South,58,81755.91,,0,Active,,1,,Aug 5 2023,
CUST3523,Female,64,south ,43,52914.17,2,0,0,74263.05,0,March 3 2022,,Average
CUST3524,Female,48,North,24,91212.69,,,0,51558.88,0,March 3 2022,,Good
CUST3525,Male,70,South,6,1119.3,3,No,1,143981.94,No,,,Average
CUST3526,,31,North,,76585.03,2,0,1,147855.34,0,15-01-2020,,
CUST3527,M,30,south ,54,36454.81,,0,Inactive,119012.01,No,March 3 2022,10-07-2023,excellent 
CUST3528,M,67,North,51,80654.52,4,0,Inactive,55022.03,No,March 3 2022,Aug 5 2023,
CUST3529,Male,47,NORTH,21,99692.62,4,0,,92217.89,,,Aug 5 2023,Average
CUST3530,,59,North,21,10809.3,3,0,Active,124504.78,No,,Aug 5 2023,Average
CUST3531,,79,south ,49,61266.33,,0,,145589.58,0,,,
CUST3532,Female,73,South,51,1789.38,3,Yes,Inactive,41314.32,No,March 3 2022,, poor
CUST3533,Male,68,south ,33,71887.79,4,Yes,Inactive,79466.78,No,15-02-2021,10-06-2023,excellent 
CUST3534,Female,69,East,22,38085.66,1,0,0,56269.05,No,15-02-2021,Aug 5 2023,Bad
CUST3535,M,58,south ,1,71415.2,4,1,1,39776.81,No,15-01-2020,,Good
CUST3536,Female,46,East,24,84474.93,2,No,,107905.48,0,,10-06-2023,Bad
CUST3537,M,32,East,19,6365.02,3,1,Inactive,,,15-02-2021,,excellent 
CUST3538,M,45,,57,,3,Yes,1,63117.53,No,,,Average
CUST3539,F,56,south ,6,36064.06,4,1,Active,100044.36,0,,Aug 5 2023,Average
CUST3540,M,45,West,47,7720.59,2,No,Inactive,28688.34,0,March 3 2022,,Good
CUST3541,M,56,NORTH,20,92803.71,4,No,,141492.05,Yes,15-01-2020,,Good
CUST3542,Female,65,East,54,3523.5,,Yes,,105645.14,0,,10-07-2023,Bad
CUST3543,F,74,West,38,81748.57,,No,Inactive,98265.51,,15-01-2020,10-07-2023,Good
CUST3544,F,31,south ,45,20399.94,1,1,Inactive,42646.22,,March 3 2022,,Good
CUST3545,M,54,North,28,32793.56,4,No,Inactive,,No,15-01-2020,10-07-2023,
CUST3546,Male,63,South,53,,2,1,1,84085.37,0,March 3 2022,10-07-2023, poor
CUST3547,,60,East,34,79159.64,4,Yes,,67190.33,0,March 3 2022,10-06-2023,Bad
CUST3548,,29,West,3,90155.8,4,0,0,100827.06,0,15-01-2020,,Average
CUST3549,Female,47,south ,17,46832.89,4,1,,132366.72,,March 3 2022,10-06-2023,Average
CUST3550,F,26,NORTH,39,86813.73,2,,Active,122012.17,1,15-01-2020,10-07-2023,Good
CUST3551,Male,62,North,58,34213.9,2,Yes,1,60717.8,No,15-01-2020,Aug 5 2023,Bad
CUST3552,F,51,North,22,68258.35,2,No,Active,,0,March 3 2022,10-06-2023,
CUST3553,F,78,,14,81903.44,3,0,1,33523.52,No,March 3 2022,10-06-2023,Good
CUST3554,F,19,,18,25521.38,3,No,0,38784.65,,15-01-2020,10-06-2023,Good
CUST3555,,32,West,45,88279.59,,No,0,69285.58,0,,Aug 5 2023,excellent 
CUST3556,M,65,,38,99669.86,3,Yes,Inactive,81657.05,,15-01-2020,10-06-2023,Average
CUST3557,F,28,south ,34,26029.43,4,,0,54646.43,0,15-02-2021,Aug 5 2023,Good
CUST3558,Male,,West,59,83348.93,2,No,1,,No,15-02-2021,Aug 5 2023,
CUST3559,F,61,West,4,1717.2,2,0,Inactive,,No,15-01-2020,10-07-2023,
CUST3560,Female,41,NORTH,33,47689.56,3,,1,49093.74,No,,Aug 5 2023,Average
CUST3561,Male,42,North,19,,4,1,1,53562.65,,15-02-2021,10-06-2023,Bad
CUST3562,M,52,North,34,92835.32,4,Yes,,119376.33,,15-01-2020,10-06-2023,
CUST3563,,31,North,33,19060.73,2,1,0,85947.08,No,March 3 2022,10-07-2023,Bad
CUST3564,M,42,East,20,21853.09,3,Yes,,26001.11,No,March 3 2022,10-06-2023,
CUST3565,F,64,East,22,95442.18,1,Yes,Inactive,56660.05,,15-01-2020,10-06-2023, poor
CUST3566,,46,South,44,53699.66,2,,1,108733.55,0,15-02-2021,10-07-2023,
CUST3567,,18,NORTH,49,11930.74,2,1,Inactive,30475.59,0,15-02-2021,Aug 5 2023,Good
CUST3568,Female,75,south ,10,35432.06,3,No,,79713.05,0,15-02-2021,,Bad
CUST3569,M,76,NORTH,54,93564.46,1,,Active,67159.89,0,March 3 2022,Aug 5 2023,
CUST3570,Female,22,,39,10069.47,,No,,39882.22,,15-01-2020,10-06-2023,Good
CUST3571,M,54,West,29,85247.09,2,Yes,Active,,0,15-01-2020,10-06-2023,Average
CUST3572,M,60,south ,15,47144.26,1,Yes,Active,97768.49,No,15-02-2021,10-06-2023, poor
CUST3573,Male,23,South,55,97691.16,,0,0,,No,15-01-2020,10-07-2023,Average
CUST3574,M,74,North,28,48791.78,2,1,Active,,0,15-01-2020,10-07-2023,
CUST3575,,59,NORTH,22,4051.94,3,,0,132519.93,,15-02-2021,10-06-2023, poor
CUST3576,Male,41,,57,17665.65,4,0,1,104280.85,No,March 3 2022,,excellent 
CUST3577,M,39,North,49,88676.33,1,Yes,Inactive,31105.28,0,15-01-2020,10-06-2023,Bad
CUST3578,M,42,South,31,94422.47,3,,Inactive,77224.46,0,15-01-2020,,Good
CUST3579,M,32,NORTH,14,69169.92,2,0,Active,121391.58,,March 3 2022,,Good
CUST3580,M,77,East,33,94548.66,4,,0,47451.8,No,15-02-2021,Aug 5 2023,excellent 
CUST3581,F,29,,29,16671.72,4,,,114395.43,,March 3 2022,Aug 5 2023,Good
CUST3582,,50,south ,27,51253.33,4,Yes,0,115551.86,,March 3 2022,10-07-2023,Good
CUST3583,Female,73,West,5,2611.29,,1,0,103763.15,No,,10-06-2023,excellent 
CUST3584,F,32,South,18,16192.57,,1,Inactive,99491.1,0,15-02-2021,10-06-2023,
CUST3585,M,25,North,12,75431.43,4,,1,136582.12,No,15-02-2021,,Average
CUST3586,M,77,South,16,98229.91,,Yes,1,100468.89,0,15-02-2021,10-07-2023,Bad
CUST3587,,49,North,58,18304.66,2,1,Inactive,127421.55,No,March 3 2022,10-06-2023,Good
CUST3588,Male,47,East,6,37313.35,4,Yes,0,75738.73,0,15-02-2021,10-06-2023, poor
CUST3589,,23,south ,36,63111.91,2,0,Active,146389.4,0,15-01-2020,10-06-2023, poor
CUST3590,F,30,south ,55,14890.99,2,0,1,101324.12,No,,10-06-2023,
CUST3591,M,41,East,23,44362.47,3,,Inactive,143896.06,No,15-02-2021,,Good
CUST3592,F,76,,16,72719.88,1,0,Inactive,,,15-01-2020,,Good
CUST3593,,42,North,40,52408.62,,No,,146886.63,0,15-01-2020,10-06-2023,Bad
CUST3594,,19,NORTH,18,16574.17,1,1,Active,108311.96,No,15-02-2021,10-06-2023,excellent 
CUST3595,,27,East,10,59948.25,1,1,1,37261.22,0,15-01-2020,10-07-2023,Bad
CUST3596,Male,74,East,50,607.91,4,,Active,128287.59,No,March 3 2022,Aug 5 2023,
CUST3597,Female,24,south ,46,77423.9,1,,0,48210.15,,15-01-2020,10-07-2023,excellent 
CUST3598,Female,79,South,44,30475.28,1,Yes,1,95010.89,No,March 3 2022,Aug 5 2023,
CUST3599,,42,south ,28,36682.63,1,,Active,144066.71,No,15-02-2021,10-06-2023, poor
CUST3600,,30,North,59,99536.83,,1,Active,111482.26,No,March 3 2022,,Bad
CUST3601,M,19,south ,9,11434.66,3,Yes,0,105251.63,Yes,March 3 2022,10-06-2023,excellent 
CUST3602,F,29,South,50,50354.22,2,1,Active,73700.16,0,15-02-2021,,Bad
CUST3603,F,51,,49,17326.18,1,,Active,50536.8,,March 3 2022,10-07-2023, poor
CUST3604,Male,62,NORTH,,,4,0,Active,34517.27,0,,,excellent 
CUST3605,M,22,North,28,,2,1,Active,56349.08,No,15-01-2020,10-07-2023,Good
CUST3606,Male,57,,24,71799.09,2,0,,142198.35,No,15-02-2021,Aug 5 2023, poor
CUST3607,M,71,,39,53363.05,1,,1,90700.22,0,15-02-2021,10-07-2023,Bad
CUST3608,Male,26,West,34,28676,1,,Inactive,114607.63,No,15-01-2020,,
CUST3609,Male,62,North,40,54357.74,2,0,,25674.78,,15-02-2021,10-07-2023,excellent 
CUST3610,Male,19,NORTH,10,36778.13,3,1,,92750.3,0,15-02-2021,,
CUST3611,Female,46,south ,30,53701.45,1,,,91053.19,0,March 3 2022,Aug 5 2023,Bad
CUST3612,,74,south ,41,41066.28,,No,,129537.14,0,,10-06-2023,Average
CUST3613,Female,54,,45,99167.75,2,No,Active,145145.24,0,,10-06-2023, poor
CUST3614,F,50,East,29,5877.36,,0,,110139.54,0,15-02-2021,10-06-2023,excellent 
CUST3615,,40,south ,52,31453.38,4,,1,23330.59,0,15-01-2020,Aug 5 2023, poor
CUST3616,F,77,West,27,60633.68,2,0,Active,121530.71,No,March 3 2022,,Bad
CUST3617,,62,South,22,94164.42,,0,Inactive,115675.49,No,15-01-2020,,
CUST3618,M,42,North,20,43101.57,4,1,Active,96203.27,0,,10-07-2023,Bad
CUST3619,F,71,South,44,19040.63,,,1,32877.33,0,,10-07-2023,Bad
CUST3620,Male,79,,37,41598.78,1,,Inactive,122124.92,0,March 3 2022,10-06-2023,excellent 
CUST3621,Male,70,,34,84942.49,,Yes,Inactive,81346.06,0,March 3 2022,Aug 5 2023,
CUST3622,F,40,NORTH,59,5949.27,3,0,,65403.37,0,March 3 2022,10-07-2023,excellent 
CUST3623,M,54,NORTH,5,19018.81,4,Yes,Inactive,149770,0,15-01-2020,,Good
CUST3624,F,71,NORTH,59,58570.69,,,Inactive,,0,,10-07-2023,
CUST3625,M,,,4,44118.85,2,Yes,Inactive,98854.53,No,,10-07-2023,Good
CUST3626,Female,49,East,49,69023.45,1,No,Inactive,94677.29,0,15-02-2021,Aug 5 2023, poor
CUST3627,,34,,46,9485.87,,0,1,111984.03,0,15-02-2021,Aug 5 2023,Average
CUST3628,M,41,West,19,36043.94,,,Active,113770.43,No,15-02-2021,10-06-2023,Bad
CUST3629,Male,42,,37,,,No,1,32054.97,0,,10-06-2023,Bad
CUST3630,F,60,South,3,10559.64,2,No,0,64703.8,No,15-02-2021,10-06-2023, poor
CUST3631,,62,NORTH,54,81510.56,,Yes,1,74601.68,0,15-01-2020,10-06-2023,Good
CUST3632,M,75,south ,5,86453.4,1,Yes,0,65767.05,No,15-02-2021,10-07-2023,
CUST3633,Female,23,NORTH,29,96183.46,4,No,Active,25684.37,No,,10-06-2023,excellent 
CUST3634,Male,43,North,55,6530.68,2,,1,89225.45,0,15-01-2020,,excellent 
CUST3635,M,59,North,4,65805.45,1,Yes,1,65274.24,0,,Aug 5 2023,excellent 
CUST3636,,29,,2,92596.63,2,,1,64260.34,0,March 3 2022,Aug 5 2023,Bad
CUST3637,F,54,East,45,90868.97,1,1,Inactive,,0,15-01-2020,Aug 5 2023,
CUST3638,,34,North,26,17052.79,,No,Inactive,37140.61,No,15-02-2021,,
CUST3639,Female,29,NORTH,15,77068.48,3,No,Active,126557.14,No,15-01-2020,10-06-2023, poor
CUST3640,,65,West,1,,,,Active,148988.56,0,March 3 2022,10-06-2023,Average
CUST3641,Male,45,West,56,4279.55,3,No,Active,75810.77,0,15-02-2021,Aug 5 2023, poor
CUST3642,Female,76,North,19,54198.45,,0,0,28155.87,,15-01-2020,Aug 5 2023,Good
CUST3643,Male,45,,54,42279.75,4,No,,133124.34,No,15-02-2021,Aug 5 2023,excellent 
CUST3644,Male,19,South,40,66279.86,,0,1,70685.83,No,March 3 2022,Aug 5 2023,Good
CUST3645,F,65,North,42,94764.19,4,,0,127726.74,0,15-02-2021,10-07-2023,excellent 
CUST3646,Male,61,North,52,73697.46,4,1,Active,117334.16,0,,10-07-2023, poor
CUST3647,Male,72,,56,35696.34,4,1,0,140711.01,No,15-01-2020,Aug 5 2023,Average
CUST3648,F,57,south ,34,10971.84,4,No,1,138959.66,0,15-01-2020,Aug 5 2023,
CUST3649,,54,West,3,23265.18,,No,Active,96077.65,No,March 3 2022,10-06-2023,
CUST3650,F,62,,26,97088.03,1,Yes,,,0,15-01-2020,,Bad
CUST3651,F,76,West,54,18966.89,,0,1,34741.54,,15-01-2020,10-07-2023,excellent 
CUST3652,F,71,West,23,38454.21,,No,0,,No,15-01-2020,,Average
CUST3653,,67,NORTH,42,82843.72,4,0,Inactive,123036.44,No,15-02-2021,10-06-2023, poor
CUST3654,Male,45,NORTH,32,41239.83,4,Yes,,51132.87,,,,Bad
CUST3655,M,59,East,25,85923.17,1,Yes,0,78023.51,,,10-06-2023,Average
CUST3656,Male,43,West,47,23445.52,1,,Inactive,90133.92,No,15-02-2021,10-06-2023,Average
CUST3657,F,72,NORTH,34,9098.48,3,No,Active,113462.42,1,15-01-2020,10-06-2023,Good
CUST3658,Male,70,NORTH,40,23494.04,,0,0,134970.95,,15-01-2020,Aug 5 2023,
CUST3659,Female,77,south ,4,88567.52,3,0,1,121677.91,0,,10-07-2023,Good
CUST3660,,50,,35,11852.01,,0,Inactive,78491.11,,March 3 2022,10-07-2023,Bad
CUST3661,,47,West,6,36812.41,1,,1,54770.57,,March 3 2022,10-07-2023,excellent 
CUST3662,F,42,,49,24815.56,3,No,Active,63195.33,No,15-02-2021,Aug 5 2023,
CUST3663,,76,North,20,35177.63,,1,Active,123526.85,0,15-02-2021,10-07-2023, poor
CUST3664,F,59,East,2,78944.57,,No,Inactive,73344.16,,15-01-2020,10-07-2023,Bad
CUST3665,F,19,East,16,10438.71,4,No,1,,0,15-01-2020,10-07-2023,
CUST3666,F,62,North,35,49373.28,4,,Active,148122.55,Yes,15-01-2020,10-06-2023,Average
CUST3667,M,78,NORTH,43,66751.54,,No,,127824.42,,15-02-2021,,
CUST3668,,43,,38,31739.17,,No,,98125.84,,March 3 2022,Aug 5 2023, poor
,Male,40,south ,11,64655.61,3,No,Active,83785.45,No,,10-06-2023,Good
CUST3670,Male,78,south ,15,95282.48,4,No,Inactive,77111.43,0,March 3 2022,,Good
CUST3671,F,28,,34,99216.03,1,0,1,89107.34,No,15-01-2020,10-06-2023,Good
,Male,74,,27,90685.86,3,No,,142500.15,0,15-02-2021,10-06-2023,excellent 
CUST3673,,32,West,23,41057.86,3,1,0,,0,March 3 2022,, poor
CUST3674,M,74,south ,9,41747.45,4,Yes,0,37856.21,0,March 3 2022,10-07-2023,Average
CUST3675,F,75,south ,4,55658.26,3,No,Inactive,112957.47,No,15-02-2021,10-07-2023, poor
CUST3676,F,65,NORTH,4,12019.11,1,0,0,69402.01,0,,10-07-2023,
CUST3677,Male,73,West,20,82706.87,3,Yes,Active,95441.01,No,,10-07-2023, poor
CUST3678,Male,53,South,51,20482.22,,1,0,128523.88,,15-01-2020,Aug 5 2023,Bad
CUST3679,M,46,East,23,1028.57,3,1,1,43776.04,No,March 3 2022,10-07-2023,Bad
CUST3680,F,18,West,13,24890.43,2,0,,142971.58,No,,Aug 5 2023,
CUST3681,F,43,East,17,35891.54,2,Yes,1,39315.59,No,March 3 2022,Aug 5 2023, poor
CUST3682,Female,35,North,4,18313.79,3,0,Inactive,121648.42,No,March 3 2022,Aug 5 2023,
CUST3683,M,31,East,15,39477.93,,No,0,20807.88,,,10-06-2023,Good
CUST3684,Female,50,,20,18384.56,3,No,Active,137130.32,0,15-01-2020,,Average
CUST3685,,49,south ,11,4754.26,,Yes,Inactive,94208.06,No,March 3 2022,10-06-2023,excellent 
CUST3686,F,76,East,6,86166.74,,,1,24408.31,0,15-01-2020,10-07-2023,Average
CUST3687,Male,63,NORTH,27,96998.83,,1,Active,73867.98,,15-02-2021,Aug 5 2023,Bad
CUST3688,Male,67,South,43,16517.07,2,,Inactive,25811.39,,March 3 2022,Aug 5 2023,
CUST3689,F,28,south ,23,36082.72,,1,0,130619.92,No,,Aug 5 2023, poor
CUST3690,Female,33,,,40344.36,3,1,1,,No,15-01-2020,10-07-2023,Average
CUST3691,,77,NORTH,13,3574.21,,0,Inactive,79612.44,0,March 3 2022,10-06-2023,Average
CUST3692,F,25,South,39,,2,Yes,,145003.12,1,March 3 2022,10-07-2023,Average
CUST3693,F,62,West,5,82656.31,1,0,Inactive,85166.8,1,15-01-2020,10-06-2023, poor
CUST3694,M,44,West,19,16134.99,2,No,Active,28336.35,0,,Aug 5 2023,Bad
CUST3695,Female,60,East,1,99553.53,4,1,0,102520.63,0,March 3 2022,Aug 5 2023,Bad
CUST3696,Male,20,North,32,89371.75,1,,1,104192.86,No,,,Good
CUST3697,Male,26,North,2,6374.25,1,,Inactive,134438.71,No,15-02-2021,Aug 5 2023,
CUST3698,F,71,North,39,99576.96,1,,Active,75861.18,0,March 3 2022,10-06-2023,Bad
CUST3699,Male,61,south ,25,9149.32,4,,0,87949.65,No,15-01-2020,10-06-2023, poor
CUST3700,M,20,NORTH,13,55496.95,3,1,Inactive,101555.52,1,15-02-2021,10-07-2023,Average
CUST3701,,23,south ,10,91599.99,2,No,Inactive,140614.4,0,15-01-2020,10-07-2023,Bad
CUST3702,F,67,south ,52,20283.99,1,1,Inactive,63145.85,0,15-01-2020,Aug 5 2023,Average
CUST3703,Male,62,,17,3799.84,4,1,Inactive,45789.63,0,15-02-2021,, poor
CUST3704,,43,East,33,79358.33,4,1,Active,46263.27,No,,, poor
CUST3705,,79,East,18,84936,2,Yes,0,143728.15,1,,,Average
CUST3706,,18,NORTH,19,15971.76,2,1,0,58074.69,No,15-01-2020,,Bad
CUST3707,Male,79,East,58,62061.97,4,No,0,68913.42,No,15-01-2020,Aug 5 2023, poor
CUST3708,F,59,south ,58,5367.91,,,0,54934.04,,15-02-2021,Aug 5 2023, poor
CUST3709,Female,27,South,50,32584.16,1,No,,91676.14,0,March 3 2022,,Average
CUST3710,Female,64,NORTH,19,,3,1,0,109091.21,0,,Aug 5 2023, poor
CUST3711,F,28,North,44,19766.5,1,1,,,No,15-01-2020,10-06-2023,Bad
CUST3712,F,76,West,27,42092.77,4,Yes,Inactive,,0,15-02-2021,10-07-2023,Good
CUST3713,F,25,East,34,76224.89,1,No,Inactive,52398.32,No,15-02-2021,,excellent 
CUST3714,Male,28,North,31,79351.55,,Yes,1,37305.64,No,March 3 2022,Aug 5 2023,Good
CUST3715,Female,50,,34,42369.22,3,No,,49446.92,0,March 3 2022,10-06-2023,
CUST3716,F,68,North,18,86412.79,,1,Inactive,21884.9,0,March 3 2022,10-07-2023,Good
CUST3717,M,42,south ,19,91140.26,4,0,Inactive,104040.87,No,,10-07-2023, poor
CUST3718,Female,55,South,16,25675.53,4,No,Inactive,100332.19,,,10-06-2023,Good
CUST3719,Male,37,West,26,38732.04,,No,1,50324.26,0,15-01-2020,Aug 5 2023,excellent 
CUST3720,Female,56,South,2,7405.17,3,0,,57938.15,0,15-01-2020,10-06-2023,Bad
CUST3721,,75,south ,51,37321.61,3,1,Inactive,64393.27,No,,10-06-2023,Good
CUST3722,Male,27,south ,32,75598.07,2,0,Active,49305.5,No,,10-06-2023,excellent 
CUST3723,F,20,North,40,62609.17,3,0,0,30789.68,No,March 3 2022,10-07-2023,excellent 
CUST3724,Female,65,south ,25,72851.19,4,0,0,23311.96,No,March 3 2022,10-06-2023,excellent 
CUST3725,F,58,East,21,78025.09,4,Yes,Active,75290.71,0,,10-06-2023,Bad
CUST3726,Male,39,,47,93163.67,1,No,1,46564.8,No,,10-07-2023,excellent 
CUST3727,F,77,,37,6366.49,1,1,Active,91244.17,0,15-01-2020,,
CUST3728,Female,47,south ,32,40686.85,3,,Active,,,,Aug 5 2023,
CUST3729,Male,21,North,16,78347.33,3,1,Inactive,93852.07,0,15-02-2021,10-07-2023,Bad
CUST3730,Female,56,South,2,58927.25,1,1,,91243.88,No,15-01-2020,10-06-2023,
CUST3731,M,74,,37,94905.49,2,Yes,Active,136738.58,0,15-01-2020,,Good
CUST3732,Female,36,south ,1,30686.83,4,No,,117865.41,0,15-01-2020,,excellent 
CUST3733,Male,39,North,12,88777.13,1,0,0,119163.9,0,,10-06-2023, poor
CUST3734,M,34,NORTH,4,,4,,Inactive,57000.13,0,,Aug 5 2023,
CUST3735,Male,74,south ,12,24322.34,,1,1,,No,15-01-2020,10-07-2023,Average
CUST3736,F,29,south ,17,17114.39,4,0,0,34509.33,No,15-02-2021,,excellent 
CUST3737,M,42,North,23,21756.12,3,0,0,91857.73,No,,10-06-2023,excellent 
CUST3738,Male,20,South,18,5587.01,1,Yes,,69286.78,,,10-06-2023,Bad
CUST3739,,79,south ,1,43597.32,1,Yes,Inactive,,No,March 3 2022,10-06-2023,Average
CUST3740,M,57,,1,90146.49,1,,Active,135399.9,0,15-02-2021,,
CUST3741,M,74,,42,31008.84,4,,1,,0,15-02-2021,10-06-2023,excellent 
CUST3742,F,27,NORTH,4,85207.81,3,Yes,Active,105701.59,No,,,Good
CUST3743,,48,North,7,66938.59,,Yes,Active,72037.43,0,,10-06-2023,Good
CUST3744,F,64,South,35,84020.19,3,Yes,Active,108995.12,No,15-01-2020,Aug 5 2023,Average
CUST3745,Male,63,North,47,78461.99,1,,Inactive,115505.86,0,15-01-2020,Aug 5 2023,Average
CUST3746,Male,44,East,7,,2,,Active,53059.41,No,,,Good
CUST3747,F,47,south ,30,52299.27,3,0,0,124906.68,0,15-01-2020,10-06-2023,excellent 
CUST3748,F,72,North,8,56262.14,1,No,Inactive,86083.38,No,March 3 2022,10-06-2023,Average
CUST3749,F,45,North,32,12165.13,1,1,Active,,No,15-02-2021,10-07-2023,Good
CUST3750,F,18,,22,8403.49,3,Yes,1,138851.71,,,10-07-2023,Good
CUST3751,Female,52,,24,28738.34,3,0,0,136759.98,No,15-02-2021,10-07-2023,excellent 
CUST3752,Female,76,East,46,33854.2,,,0,98314.62,0,March 3 2022,Aug 5 2023,Good
CUST3753,F,57,NORTH,20,96868.61,3,0,Inactive,132717.56,,,Aug 5 2023,Bad
CUST3754,F,56,West,51,35084.32,1,No,0,77226.19,0,,10-06-2023,excellent 
CUST3755,,44,South,28,56128.81,3,,0,72196.15,No,March 3 2022,,excellent 
CUST3756,,66,South,52,33198.77,3,,Active,116480.71,0,15-02-2021,10-06-2023,Average
CUST3757,Male,72,south ,12,58298.94,1,1,Active,23969.12,0,March 3 2022,, poor
CUST3758,M,38,NORTH,21,84736.59,3,1,,62522.26,No,,,
CUST3759,F,73,South,4,,,,Inactive,74968.86,0,15-01-2020,Aug 5 2023,excellent 
CUST3760,F,71,NORTH,54,68941.19,1,Yes,1,132232.15,0,,,Bad
CUST3761,Female,18,south ,27,56851.33,3,0,1,118761.32,No,15-01-2020,10-06-2023,excellent 
CUST3762,Female,20,,25,,3,No,Inactive,122376.2,0,,Aug 5 2023,Average
CUST3763,Female,63,South,17,40491.59,,1,Inactive,26070.84,0,15-01-2020,Aug 5 2023,Bad
CUST3764,,22,south ,36,31549.92,3,No,0,20929.06,No,15-02-2021,Aug 5 2023,
CUST3765,Male,61,East,31,22549.57,1,0,Active,100002.28,0,,10-07-2023,Average
CUST3766,M,71,West,21,62385.28,1,,,109988.12,0,,10-07-2023,Good
CUST3767,F,76,North,24,69223.75,4,1,,31382.32,No,March 3 2022,10-07-2023,Average
CUST3768,F,26,North,7,99845.54,2,Yes,,76899.52,No,,Aug 5 2023,Average
CUST3769,M,62,South,48,10616.15,1,No,1,125605.23,0,,10-07-2023,Average
CUST3770,Male,44,East,31,36074.14,1,Yes,1,31431.65,,March 3 2022,10-06-2023,
CUST3771,M,50,NORTH,55,20403.44,,Yes,,124306.65,No,15-02-2021,10-06-2023,excellent 
CUST3772,F,22,NORTH,45,18436.38,4,,Inactive,138802.97,0,15-02-2021,10-07-2023,Bad
CUST3773,Female,66,south ,55,,3,1,Active,54135.66,No,March 3 2022,10-07-2023,excellent 
CUST3774,M,75,,36,50108.77,4,1,Inactive,98402.15,0,,10-06-2023,Bad
CUST3775,F,23,,25,12869.22,3,1,Active,44866.3,,March 3 2022,10-06-2023,excellent 
CUST3776,M,23,South,58,39985.16,,0,Inactive,,No,15-02-2021,,Good
CUST3777,Female,36,,48,79206.65,4,,,137256.9,No,March 3 2022,,Average
CUST3778,,43,,36,39800.29,,No,Inactive,103799.86,0,March 3 2022,,Average
CUST3779,Male,33,North,45,54700.03,2,Yes,,140467.78,0,15-01-2020,Aug 5 2023,Good
CUST3780,Female,27,south ,55,77566.17,4,1,Active,40951.28,0,15-01-2020,Aug 5 2023,Good
CUST3781,Female,25,East,12,99816.76,1,0,1,51430.45,0,,Aug 5 2023,Average
CUST3782,M,25,,56,40547.9,2,0,1,124258.22,No,15-01-2020,10-07-2023,Good
,Male,21,East,30,93035.65,,1,Inactive,50964.1,No,15-02-2021,10-06-2023,
CUST3784,,37,,20,71141.08,1,1,0,121453.99,0,15-02-2021,Aug 5 2023, poor
CUST3785,Male,68,North,21,71555.95,4,Yes,Inactive,30521.97,No,15-02-2021,10-06-2023,
CUST3786,F,60,,58,91153.99,1,Yes,1,,0,15-02-2021,10-07-2023,Good
CUST3787,Female,55,south ,10,72870.39,4,Yes,,52388,,March 3 2022,,Average
CUST3788,M,52,South,24,,,1,Active,,,15-01-2020,Aug 5 2023, poor
CUST3789,M,52,,37,41669.51,2,No,1,80963.26,Yes,March 3 2022,,excellent 
CUST3790,F,30,North,25,98249.07,1,0,0,122085.93,No,,10-06-2023,
CUST3791,Female,46,NORTH,6,52420.09,1,,Active,101019.88,0,March 3 2022,10-06-2023,
CUST3792,Male,69,South,22,30614.19,2,0,1,54182.34,0,15-02-2021,,
CUST3793,Female,46,south ,2,46889.75,3,,Active,28267.41,,,,
CUST3794,,64,North,3,30160.78,4,0,0,58301.68,0,,10-06-2023,excellent 
CUST3795,M,79,East,48,61472.15,3,Yes,1,125514.26,0,,,Average
CUST3796,Female,36,East,32,98222.13,2,,0,70396.76,No,March 3 2022,10-06-2023,Average
CUST3797,F,38,,20,12229.73,4,1,Inactive,41007.81,,,Aug 5 2023,Good
CUST3798,Female,56,East,56,86479.8,,No,Active,141148.69,0,,Aug 5 2023,Bad
CUST3799,Male,69,,32,5024.4,4,1,0,49059.48,No,,10-07-2023,excellent 
CUST3800,,31,,47,54126.68,4,,0,126040.81,,March 3 2022,Aug 5 2023,Bad
CUST3801,F,46,NORTH,40,13468.56,4,Yes,Active,20016.27,,15-01-2020,Aug 5 2023,Bad
CUST3802,M,31,North,2,40560.01,3,1,Active,38144.58,0,March 3 2022,Aug 5 2023,Bad
CUST3803,Female,25,NORTH,40,3668.99,3,No,Active,29002.44,0,15-01-2020,Aug 5 2023,excellent 
CUST3804,Female,23,West,2,66500.23,1,No,0,,Yes,March 3 2022,,Average
CUST3805,Female,20,NORTH,43,9726.73,2,Yes,Inactive,23236.91,0,March 3 2022,,Bad
CUST3806,M,18,NORTH,47,27103.71,2,0,Inactive,129434.57,,March 3 2022,10-06-2023,
CUST3807,F,77,,30,98794.55,4,0,1,,,15-01-2020,,Bad
CUST3808,M,61,West,51,74573.66,3,,,27162.55,No,15-01-2020,Aug 5 2023, poor
CUST3809,F,23,NORTH,13,38715.86,1,,0,21339.29,0,15-01-2020,10-07-2023,Bad
CUST3810,,53,West,29,35235.47,2,0,1,121663.32,1,March 3 2022,,Bad
CUST3811,M,43,East,21,37738.07,1,1,Inactive,78217.83,,15-01-2020,10-07-2023,
CUST3812,F,41,south ,48,68573.93,2,No,Inactive,75080.36,No,15-02-2021,10-07-2023,
CUST3813,Male,37,NORTH,38,8398.1,3,,0,68683.33,0,,Aug 5 2023,Good
CUST3814,Female,39,North,24,91224.91,3,1,Active,65122.97,No,15-01-2020,10-07-2023,Good
CUST3815,,43,NORTH,52,,,Yes,Active,,No,15-02-2021,10-07-2023,Bad
CUST3816,,31,south ,36,2127.29,1,Yes,0,51246.45,0,March 3 2022,10-07-2023, poor
CUST3817,,22,North,30,46952.12,3,No,Active,73161.57,No,March 3 2022,Aug 5 2023,excellent 
CUST3818,,48,South,18,26235.68,4,No,Active,143759.03,0,15-01-2020,10-07-2023,excellent 
CUST3819,F,55,South,19,35211.71,2,0,Active,140485.87,No,,10-07-2023,Average
CUST3820,M,41,NORTH,26,4431.41,1,1,,95330.22,0,15-01-2020,, poor
CUST3821,Male,30,NORTH,24,91446.5,2,No,,124805.6,0,15-02-2021,Aug 5 2023, poor
CUST3822,F,29,South,49,40978.21,1,1,Active,125072.39,No,,Aug 5 2023,Bad
CUST3823,Male,63,North,28,48421.32,1,Yes,Active,,0,March 3 2022,Aug 5 2023,
CUST3824,,77,East,27,61530.42,3,0,Inactive,127149.26,No,15-02-2021,,Average
CUST3825,M,26,East,3,4585.2,,No,0,86621.74,,15-01-2020,10-07-2023,Good
CUST3826,Female,20,North,46,5601.26,3,,0,96082.32,,15-01-2020,10-06-2023,
CUST3827,Male,55,East,49,67400.76,1,1,,84492,No,15-02-2021,10-07-2023,Average
CUST3828,F,76,NORTH,15,,,1,,22026.28,No,March 3 2022,10-07-2023, poor
CUST3829,Female,71,West,32,39942.24,3,,,28093.35,1,15-01-2020,10-07-2023,
CUST3830,Female,34,south ,55,73216.03,4,0,1,131812.51,No,March 3 2022,10-07-2023,Good
CUST3831,Female,44,East,7,40032.82,4,,1,50852.67,No,15-02-2021,, poor
CUST3832,Female,42,,45,60803.77,2,,1,50347.39,No,March 3 2022,Aug 5 2023, poor
CUST3833,,48,East,16,70306.07,1,,,24111.67,No,,10-06-2023,excellent 
CUST3834,Male,75,NORTH,5,48746.19,2,,,26437.35,0,15-01-2020,,Bad
CUST3835,F,43,North,27,11832.3,2,0,Active,61621.42,,,Aug 5 2023,Average
CUST3836,M,41,North,29,44543.41,3,1,Inactive,,,March 3 2022,,
CUST3837,,47,South,59,28235.94,,0,Inactive,,0,15-01-2020,10-07-2023,Good
CUST3838,M,45,North,25,45994.91,4,1,Inactive,141185.13,No,15-02-2021,Aug 5 2023,excellent 
CUST3839,Male,,south ,33,25790.1,4,,Inactive,,1,15-02-2021,10-07-2023,excellent 
CUST3840,Male,65,,10,22143.97,2,Yes,Active,39671.92,0,15-01-2020,10-07-2023, poor
CUST3841,M,21,West,6,16605.45,3,1,Inactive,85774.52,No,15-02-2021,10-06-2023,Average
CUST3842,F,71,south ,53,34817.19,2,No,0,138306.75,No,15-01-2020,,excellent 
CUST3843,,53,South,19,79563.05,3,Yes,,,0,15-02-2021,10-07-2023,excellent 
CUST3844,,70,south ,47,75924.28,,1,0,101687.07,No,March 3 2022,10-06-2023,Good
CUST3845,Male,19,NORTH,50,,3,Yes,Inactive,73757.35,,,,
CUST3846,M,36,South,55,57200.29,3,,Inactive,37831.84,0,15-02-2021,10-06-2023,
CUST3847,,56,West,5,35136.67,,,Inactive,119459.26,No,March 3 2022,10-07-2023,excellent 
CUST3848,F,76,North,2,99626.37,3,No,,115883,0,15-02-2021,Aug 5 2023,Average
CUST3849,F,52,West,52,6791.16,1,,Active,93433.52,,,10-06-2023,Good
CUST3850,,44,NORTH,19,29888.19,1,,1,23330.27,,,Aug 5 2023,
CUST3851,F,51,West,55,49948.75,3,No,0,138148.92,,15-01-2020,,excellent 
CUST3852,,28,East,3,89918.97,4,Yes,0,49820.4,0,March 3 2022,, poor
CUST3853,F,37,North,31,60815.76,2,1,0,81046.53,,March 3 2022,Aug 5 2023, poor
CUST3854,,68,North,27,87179.4,3,,,102412.82,No,15-01-2020,,Good
CUST3855,F,56,West,35,1781.06,1,No,1,53007.73,No,March 3 2022,Aug 5 2023,excellent 
CUST3856,Male,37,North,27,21252.76,2,No,,119722.43,0,15-02-2021,,Bad
CUST3857,F,42,,59,820.46,2,Yes,Active,69305.76,,,,excellent 
CUST3858,F,71,NORTH,46,39255.82,1,1,0,25234.31,No,March 3 2022,Aug 5 2023,Average
CUST3859,F,55,North,5,82096.31,3,Yes,Inactive,,0,,10-07-2023,Average
CUST3860,M,48,south ,55,,,Yes,Inactive,68874.92,No,15-02-2021,10-07-2023,excellent 
CUST3861,Female,32,NORTH,40,89629.25,3,0,,,0,,,Average
CUST3862,Female,33,south ,23,16628.87,2,,,131613.45,,15-02-2021,10-06-2023,Average
CUST3863,M,39,West,14,61602.42,4,1,0,41561.12,,March 3 2022,10-06-2023,Average
CUST3864,F,55,south ,17,65250.27,4,Yes,,85805.35,,,10-07-2023,Average
CUST3865,F,32,West,50,48933.87,4,0,Active,130607.83,No,March 3 2022,,Bad
CUST3866,Female,76,NORTH,24,28310.99,4,No,Active,124675.38,,15-02-2021,10-07-2023, poor
CUST3867,M,79,NORTH,17,53829.61,2,0,1,,0,,10-07-2023,Average
CUST3868,M,78,NORTH,48,88629.38,1,0,1,,0,15-01-2020,, poor
CUST3869,F,36,NORTH,8,19276.54,3,1,,51055.89,No,,,
CUST3870,,77,North,24,25050.56,2,1,,65399.78,0,15-01-2020,Aug 5 2023,
CUST3871,F,65,East,6,23738.09,,1,1,22666.27,No,March 3 2022,Aug 5 2023,Bad
CUST3872,F,72,NORTH,5,63683.47,4,0,,149951.15,No,15-01-2020,, poor
CUST3873,F,68,East,9,,2,No,Inactive,65248.11,,March 3 2022,,Good
CUST3874,Male,37,,41,,,,1,89893.83,No,15-02-2021,Aug 5 2023,excellent 
CUST3875,Female,39,West,34,84790.94,1,Yes,Inactive,45815.36,,March 3 2022,,Good
CUST3876,F,40,,18,,2,No,0,,No,15-01-2020,10-07-2023,excellent 
CUST3877,F,67,south ,39,46321.44,1,,Inactive,111444.63,,March 3 2022,10-07-2023,excellent 
CUST3878,F,42,South,43,17760.81,3,0,,27775.72,Yes,March 3 2022,10-06-2023,Average
CUST3879,,32,south ,34,4860.89,2,Yes,,106063.51,0,15-01-2020,Aug 5 2023,Bad
CUST3880,,79,South,27,77283.49,,,Active,113110.9,,15-01-2020,,Average
CUST3881,Male,75,South,46,64356.06,,No,Inactive,67901.21,,15-02-2021,,Average
CUST3882,,56,North,36,83593.83,3,Yes,0,88577.78,,15-02-2021,,Good
CUST3883,F,58,NORTH,57,88267.28,,1,Inactive,43053.44,,15-02-2021,,Good
CUST3884,Female,76,south ,53,76218.68,1,No,Inactive,,0,15-02-2021,10-06-2023,Good
CUST3885,M,37,,56,78398.66,3,0,1,75506.53,,15-01-2020,10-06-2023,excellent 
CUST3886,,67,East,36,76008.88,4,0,0,,No,15-02-2021,10-07-2023,Bad
CUST3887,,79,East,41,9775.2,1,1,,145134.74,0,,, poor
CUST3888,M,69,NORTH,16,89607.7,2,Yes,Active,137182.36,0,15-02-2021,,Bad
CUST3889,Female,65,East,34,22873.28,2,No,Inactive,125618.56,,15-01-2020,10-06-2023,excellent 
CUST3890,M,78,North,57,39.55,1,Yes,1,131206.16,0,15-02-2021,Aug 5 2023,Good
CUST3891,Female,42,South,53,7142.47,,,,,,15-02-2021,, poor
CUST3892,Male,56,south ,24,74087.62,2,,1,28103.37,,March 3 2022,10-07-2023,excellent 
CUST3893,F,40,,7,42563.93,2,Yes,Inactive,80207.37,No,15-02-2021,10-07-2023,excellent 
CUST3894,Female,60,NORTH,40,,1,No,1,,0,March 3 2022,10-07-2023,Average
CUST3895,Female,59,south ,9,27606.26,1,0,,58453.44,0,March 3 2022,Aug 5 2023,Good
CUST3896,Female,42,West,8,52174.89,2,Yes,1,24322.89,0,March 3 2022,,excellent 
CUST3897,M,71,South,48,56346.48,1,No,Inactive,89851.97,No,15-01-2020,10-07-2023,Bad
CUST3898,Male,52,West,21,41686.57,4,0,,,,15-02-2021,Aug 5 2023,Good
CUST3899,,60,North,48,32502.85,3,No,1,21031.09,No,15-01-2020,10-06-2023,excellent 
CUST3900,Male,51,East,29,20144.82,2,No,Active,110296.28,No,15-01-2020,10-07-2023,excellent 
CUST3901,M,59,South,53,18776.05,1,No,Inactive,48730.95,0,,Aug 5 2023,Good
CUST3902,M,51,North,17,,1,,,102924.21,No,15-02-2021,Aug 5 2023,Good
,M,33,East,59,19237.11,,,1,145695.69,Yes,15-01-2020,10-07-2023,Bad
CUST3904,F,78,south ,48,95398.18,1,0,,29179.03,No,15-01-2020,Aug 5 2023, poor
CUST3905,F,52,South,26,,1,,Inactive,,Yes,15-01-2020,10-06-2023,Bad
CUST3906,,37,West,2,32412.33,2,Yes,0,119868.72,No,March 3 2022,10-06-2023,Good
CUST3907,Male,18,,49,33358.52,2,0,Inactive,102221.73,No,March 3 2022,,
CUST3908,,69,NORTH,58,779.16,,Yes,1,29820.96,0,15-02-2021,10-06-2023,Good
CUST3909,,23,south ,20,,,0,0,22663.79,0,,10-07-2023,Bad
CUST3910,M,22,West,15,18308.94,3,0,1,56095.2,No,March 3 2022,Aug 5 2023, poor
CUST3911,F,25,East,52,50846.49,,,,71966.77,0,,10-07-2023,
CUST3912,,51,,8,12661.95,2,No,,144937.12,0,,,
CUST3913,Male,54,North,29,98245.45,4,No,Active,81227.72,1,15-02-2021,10-07-2023, poor
CUST3914,F,50,NORTH,23,80423.58,3,0,1,54400.38,,15-01-2020,10-06-2023,Good
CUST3915,,24,East,2,50319.87,1,0,Active,132897.66,1,,10-06-2023,excellent 
CUST3916,M,45,,30,54597.19,4,0,Inactive,,,15-01-2020,10-07-2023,Bad
CUST3917,M,23,West,44,96839.03,1,0,0,,0,15-01-2020,10-06-2023,Bad
CUST3918,M,50,North,42,51873.84,2,0,1,103772.76,No,15-02-2021,,Average
CUST3919,M,52,East,6,51237.05,1,No,Inactive,141800.42,No,15-01-2020,,
CUST3920,Male,25,East,11,52536.08,1,0,Active,29287.64,0,15-01-2020,10-07-2023,Good
CUST3921,Female,35,West,3,84984.7,3,No,0,58474.9,,15-01-2020,,
CUST3922,F,30,East,34,20973.32,1,Yes,Inactive,54397.58,0,15-02-2021,Aug 5 2023, poor
CUST3923,Female,69,South,39,31297.57,1,Yes,,28454.31,No,March 3 2022,10-06-2023,
CUST3924,M,68,East,14,51115.92,2,0,Inactive,,No,,,
CUST3925,Female,73,East,23,18390.85,4,1,Inactive,79872.38,No,,,Good
CUST3926,M,58,,17,,2,Yes,0,95561.61,No,15-01-2020,, poor
CUST3927,Female,53,,11,64894.89,2,,Active,144773.45,,March 3 2022,10-06-2023,Good
CUST3928,F,77,West,5,,1,No,,50773.33,No,,10-07-2023, poor
CUST3929,F,44,East,9,19201.39,3,1,,92251.94,No,March 3 2022,10-06-2023,
CUST3930,F,57,North,8,,3,Yes,0,,0,March 3 2022,10-06-2023, poor
CUST3931,F,63,North,28,81940.15,2,1,1,33688.35,0,,,
CUST3932,Female,42,,44,55378.65,4,No,0,94085.71,0,15-01-2020,,excellent 
CUST3933,,21,West,22,73481.39,2,No,Active,,0,15-01-2020,,
CUST3934,Male,44,North,31,89864.76,,No,,94278.02,No,March 3 2022,Aug 5 2023,
CUST3935,,68,West,11,40113.15,2,Yes,,102465.01,No,,Aug 5 2023,Bad
CUST3936,Female,28,West,31,77999.66,1,,0,78177.33,,15-01-2020,10-07-2023,Bad
CUST3937,F,64,,14,70513.2,2,1,0,92001.72,,March 3 2022,10-07-2023, poor
CUST3938,M,65,South,6,,4,No,Active,,No,15-01-2020,Aug 5 2023,Bad
CUST3939,,60,NORTH,11,68579.83,3,Yes,,99912.34,No,March 3 2022,10-06-2023,excellent 
CUST3940,M,38,West,38,,3,,Active,118633.57,No,15-01-2020,10-07-2023,excellent 
CUST3941,Female,65,,16,34174.27,3,1,Inactive,39896.37,0,,10-06-2023,Bad
CUST3942,M,60,East,42,42639.41,4,0,0,106338.22,0,15-01-2020,Aug 5 2023,Average
,,48,south ,44,12034.48,1,No,,54675.45,Yes,March 3 2022,Aug 5 2023,Average
CUST3944,M,76,,42,,3,,Active,135219.55,No,,10-06-2023,Good
CUST3945,Male,64,North,28,,4,No,0,116521.81,0,15-02-2021,10-07-2023,excellent 
CUST3946,Male,61,North,50,4711.94,1,Yes,0,56723.04,No,,Aug 5 2023,Good
CUST3947,M,76,south ,16,65204.67,1,0,,89276.06,,15-01-2020,,Average
CUST3948,,63,,8,78570.03,2,1,Active,48312.73,No,March 3 2022,10-07-2023,Average
CUST3949,,30,NORTH,55,,2,Yes,0,145622.51,,March 3 2022,,Good
CUST3950,Female,46,south ,30,32475.52,3,No,Inactive,68216.92,,15-01-2020,10-06-2023,
CUST3951,Female,45,NORTH,28,15072.1,2,0,1,124542.79,No,15-02-2021,,Good
CUST3952,M,31,West,20,97460.3,,1,1,61082.01,0,15-02-2021,10-07-2023,Good
CUST3953,,69,South,30,55521.66,3,Yes,0,104142.98,0,March 3 2022,Aug 5 2023,
CUST3954,M,31,NORTH,,60266.72,4,1,Active,24835.4,No,March 3 2022,10-07-2023,Bad
CUST3955,,36,South,23,49150.94,3,Yes,1,,No,15-01-2020,10-07-2023,Average
CUST3956,Female,23,south ,37,7192.34,4,Yes,,149889.35,No,March 3 2022,10-07-2023,excellent 
CUST3957,Female,41,West,57,,,1,Inactive,118800.37,,March 3 2022,10-06-2023,excellent 
CUST3958,,44,south ,56,,1,,,82387.24,0,15-02-2021,Aug 5 2023,
CUST3959,Female,33,East,17,82977.18,1,Yes,,133906.59,No,15-01-2020,,Average
CUST3960,M,75,south ,46,19598.46,1,0,0,68211.03,0,15-01-2020,10-06-2023,excellent 
,F,73,,7,,4,Yes,Inactive,147353.92,0,,10-07-2023,
CUST3962,Female,52,South,40,28848.65,2,No,Active,82903.71,No,15-01-2020,,excellent 
CUST3963,M,51,West,45,21588.93,3,1,0,53898.17,No,15-01-2020,,Average
CUST3964,Female,47,NORTH,1,363.36,1,No,Active,77006.5,No,,,Bad
CUST3965,M,55,,7,95665.22,3,Yes,0,83647.12,No,March 3 2022,10-06-2023,Good
CUST3966,Female,72,North,2,43102.86,3,1,0,85625.25,1,15-01-2020,10-07-2023,Good
CUST3967,M,29,East,28,33612.93,2,1,0,134936.73,No,March 3 2022,10-06-2023,Bad
CUST3968,M,51,NORTH,31,53515.54,,No,Active,123442.56,,15-01-2020,,Good
CUST3969,M,25,West,44,57665.53,1,No,,29767.57,No,,Aug 5 2023,Good
CUST3970,M,70,South,47,8885.01,3,0,0,50973.45,No,,,excellent 
CUST3971,F,79,East,4,28878.86,3,1,Inactive,28711.04,No,15-02-2021,10-06-2023, poor
CUST3972,Male,30,south ,37,949.15,4,1,Inactive,108730.91,,,10-07-2023,
CUST3973,Female,,South,9,44755,,,Inactive,,,15-02-2021,10-06-2023,
CUST3974,M,66,East,33,9036.87,2,0,1,42732.64,No,15-01-2020,Aug 5 2023,Good
CUST3975,M,57,,27,91342.58,4,1,1,140786.82,0,,10-06-2023,
,F,65,North,42,26115.55,4,0,Inactive,,No,15-02-2021,10-06-2023,Good
CUST3977,F,71,East,23,25481.55,,1,0,117033.36,0,15-02-2021,Aug 5 2023, poor
CUST3978,Female,71,NORTH,23,90371.33,3,1,1,87766.42,0,15-01-2020,10-06-2023,Good
CUST3979,F,68,East,,,1,1,Inactive,47422.5,0,March 3 2022,10-07-2023,
CUST3980,F,33,South,26,11908.67,2,Yes,1,73657.93,,,10-06-2023,Average
CUST3981,F,71,NORTH,21,39432.42,3,No,Inactive,55612.76,No,15-01-2020,10-07-2023,Bad
CUST3982,Female,47,NORTH,46,77403.6,2,0,,133232.15,0,15-02-2021,10-06-2023, poor
CUST3983,Female,76,,10,20581.81,1,,0,55568.65,,15-01-2020,Aug 5 2023,Average
CUST3984,M,29,South,54,94020.61,3,,Active,107464.93,,15-02-2021,10-06-2023,Good
CUST3985,M,43,South,37,32712.08,3,,1,82437.51,No,,10-07-2023,
CUST3986,,70,NORTH,30,84254.27,,0,0,91536.28,0,15-01-2020,Aug 5 2023,excellent 
CUST3987,Male,68,South,4,55412.5,3,1,,115351.55,0,15-02-2021,10-06-2023,
CUST3988,,63,South,11,37403.62,4,Yes,1,74527.02,0,15-02-2021,10-07-2023,
CUST3989,F,72,North,38,59873.25,3,0,1,91821.56,No,15-01-2020,,excellent 
CUST3990,Female,64,South,40,243.7,,1,,86643.97,No,15-01-2020,10-06-2023, poor
CUST3991,Male,75,,57,9948.38,,Yes,Active,119714.39,0,15-01-2020,10-06-2023,Bad
CUST3992,Male,52,,1,63504.78,2,Yes,1,112633.34,0,March 3 2022,10-06-2023,
CUST3993,Female,54,East,47,,3,No,Inactive,146862.63,0,15-02-2021,10-07-2023,Good
CUST3994,Male,42,south ,40,56859.1,4,1,0,133031.11,,15-01-2020,10-07-2023,
CUST3995,M,25,East,16,73192.86,4,0,,22805.69,,March 3 2022,10-06-2023, poor
CUST3996,Female,30,south ,40,43138.18,2,,Inactive,59444.22,No,,10-06-2023,Bad
CUST3997,F,77,South,31,38552.95,4,,Inactive,44158.57,No,15-02-2021,,Good
CUST3998,Female,61,West,28,76111.93,,1,,134174.7,0,March 3 2022,,
CUST3999,Male,54,North,59,7345.92,4,Yes,Active,112619.41,No,15-01-2020,Aug 5 2023,excellent 
